Generate Time,Source address,Destination address,IP Protocol,Destination Port,Matched Policies
2025/09/02 11:42:51,10.61.10.18,10.138.205.53,udp,137,NO MATCH
2025/09/02 11:42:51,10.61.10.18,10.138.205.53,udp,137,NO MATCH
2025/09/02 11:08:18,10.61.10.11,10.160.36.46,udp,137,NO MATCH
2025/09/02 11:04:17,10.61.10.11,10.160.36.46,udp,137,NO MATCH
2025/09/02 11:04:17,10.61.10.16,10.160.36.46,udp,137,NO MATCH
2025/09/02 10:13:46,10.61.10.32,10.138.205.41,udp,137,NO MATCH
2025/09/02 10:01:30,10.61.10.11,10.160.36.46,udp,137,NO MATCH
2025/09/02 10:01:20,10.61.10.11,10.160.36.46,udp,137,NO MATCH
2025/09/02 10:01:20,10.61.10.11,10.160.36.46,udp,137,NO MATCH
2025/09/02 09:11:19,10.61.10.16,10.160.36.46,udp,137,NO MATCH
2025/09/02 08:18:58,10.61.9.5,10.138.205.250,tcp,80,NO MATCH
2025/09/02 08:18:44,10.61.9.5,10.160.48.51,tcp,80,NO MATCH
2025/09/02 08:17:57,10.61.9.5,10.160.26.45,tcp,443,NO MATCH
2025/09/02 08:17:55,10.61.9.5,10.160.40.38,tcp,80,NO MATCH
2025/09/02 08:17:55,10.61.9.5,10.160.32.132,tcp,80,NO MATCH
2025/09/02 08:17:50,10.61.9.5,10.160.26.45,tcp,80,NO MATCH
2025/09/02 08:17:46,10.61.9.5,10.160.40.37,tcp,80,NO MATCH
2025/09/02 08:17:42,10.61.9.5,10.138.205.250,udp,161,NO MATCH
2025/09/02 08:17:42,10.61.9.5,10.150.254.240,tcp,80,NO MATCH
2025/09/02 08:17:25,10.61.9.5,10.160.48.51,udp,161,NO MATCH
2025/09/02 08:17:13,10.61.9.5,10.160.32.148,udp,161,NO MATCH
2025/09/02 08:17:12,10.61.9.5,10.160.32.149,udp,161,NO MATCH
2025/09/02 08:17:11,10.61.9.5,10.160.26.44,udp,161,NO MATCH
2025/09/02 08:17:10,10.61.9.5,10.150.253.242,tcp,80,NO MATCH
2025/09/02 08:17:06,10.61.9.5,10.160.40.32,udp,161,NO MATCH
2025/09/02 08:16:51,10.61.9.5,10.160.36.23,udp,161,NO MATCH
2025/09/02 08:16:43,10.61.9.5,10.160.32.132,udp,161,NO MATCH
2025/09/02 08:16:43,10.61.9.5,10.160.40.38,udp,161,NO MATCH
2025/09/02 08:16:37,10.61.9.5,10.160.26.45,udp,161,NO MATCH
2025/09/02 08:16:34,10.61.9.5,10.160.40.37,udp,161,NO MATCH
2025/09/02 08:16:32,10.61.9.5,10.150.252.241,tcp,443,NO MATCH
2025/09/02 08:16:29,10.61.9.5,10.150.254.240,udp,161,NO MATCH
2025/09/02 08:16:26,10.61.9.5,10.160.40.31,udp,161,NO MATCH
2025/09/02 08:16:26,10.61.9.5,10.150.252.241,tcp,80,NO MATCH
2025/09/02 08:16:26,10.61.9.5,10.138.205.228,udp,161,NO MATCH
2025/09/02 08:16:10,10.61.9.5,10.160.26.43,udp,161,NO MATCH
2025/09/02 08:16:05,10.61.9.5,10.138.205.228,tcp,80,NO MATCH
2025/09/02 08:15:58,10.61.9.5,10.150.253.242,udp,161,NO MATCH
2025/09/02 08:15:57,10.61.9.5,10.160.40.21,udp,161,NO MATCH
2025/09/02 08:15:56,10.61.9.5,10.160.40.22,udp,161,NO MATCH
2025/09/02 08:15:41,10.61.9.5,10.138.205.229,udp,161,NO MATCH
2025/09/02 08:15:33,10.61.9.5,10.160.32.150,udp,161,NO MATCH
2025/09/02 08:15:21,10.61.9.5,10.138.205.229,tcp,80,NO MATCH
2025/09/02 08:15:17,10.61.9.5,10.160.40.39,tcp,80,NO MATCH
2025/09/02 08:15:12,10.61.9.5,10.150.252.241,udp,161,NO MATCH
2025/09/02 08:14:43,10.61.9.5,10.138.205.231,udp,161,NO MATCH
2025/09/02 08:14:38,10.61.9.5,10.138.205.134,udp,161,NO MATCH
2025/09/02 08:14:37,10.61.9.5,10.160.26.35,udp,161,NO MATCH
2025/09/02 08:14:36,10.61.9.5,10.160.40.24,udp,161,NO MATCH
2025/09/02 08:14:20,10.61.9.5,10.138.205.231,tcp,443,NO MATCH
2025/09/02 08:14:19,10.61.9.5,10.138.205.231,tcp,443,NO MATCH
2025/09/02 08:14:19,10.61.9.5,10.138.205.231,tcp,443,NO MATCH
2025/09/02 08:14:19,10.61.9.5,10.138.205.231,tcp,443,NO MATCH
2025/09/02 08:14:11,10.61.9.5,10.160.40.27,udp,161,NO MATCH
2025/09/02 08:14:07,10.61.9.5,10.160.40.39,udp,161,NO MATCH
2025/09/02 08:13:54,10.61.9.5,10.160.40.36,tcp,80,NO MATCH
2025/09/02 08:13:46,10.61.9.5,10.160.40.28,udp,161,NO MATCH
2025/09/02 08:13:20,10.61.9.5,10.160.40.34,udp,161,NO MATCH
2025/09/02 08:13:19,10.61.9.5,10.138.205.48,udp,161,NO MATCH
2025/09/02 08:13:03,10.61.9.5,10.160.48.37,udp,161,NO MATCH
2025/09/02 08:12:43,10.61.9.5,10.160.48.38,udp,161,NO MATCH
2025/09/02 08:12:40,10.61.9.5,10.160.40.36,udp,161,NO MATCH
2025/09/02 08:12:39,10.61.9.5,10.160.40.33,udp,161,NO MATCH
2025/09/02 08:12:26,10.61.9.5,10.160.40.23,udp,161,NO MATCH
2025/09/02 08:12:22,10.61.9.5,10.160.40.30,udp,161,NO MATCH
2025/09/02 08:11:39,10.61.9.5,10.160.40.26,udp,161,NO MATCH
2025/09/02 08:11:38,10.61.9.5,10.160.26.27,udp,161,NO MATCH
2025/09/02 08:11:35,10.61.9.5,10.160.36.24,udp,161,NO MATCH
2025/09/02 08:11:27,10.61.9.5,10.160.26.36,udp,161,NO MATCH
2025/09/02 08:11:23,10.61.9.5,10.138.205.102,udp,161,NO MATCH
2025/09/02 08:09:33,10.61.9.5,10.160.26.26,udp,161,NO MATCH
2025/09/02 08:08:55,10.61.9.5,10.160.40.29,udp,161,NO MATCH
2025/09/02 08:08:41,10.61.9.5,10.160.36.6,udp,161,NO MATCH
2025/09/02 08:08:28,10.61.9.5,10.160.40.25,udp,161,NO MATCH
2025/09/02 08:08:13,10.61.9.5,10.160.26.25,udp,161,NO MATCH
2025/09/02 08:07:28,10.61.9.5,10.160.48.36,udp,161,NO MATCH
2025/09/02 08:07:28,10.61.9.5,10.160.26.28,udp,161,NO MATCH
2025/09/02 08:07:08,10.61.9.5,10.160.48.35,udp,161,NO MATCH
2025/09/02 07:26:45,10.61.9.5,10.160.48.136,tcp,80,NO MATCH
2025/09/02 07:25:51,10.61.9.5,10.160.48.136,udp,161,NO MATCH
2025/09/02 07:24:57,10.61.9.5,10.160.48.136,tcp,80,NO MATCH
2025/09/02 07:24:46,10.61.9.5,10.160.48.136,tcp,80,NO MATCH
2025/09/02 07:24:44,10.61.9.5,10.160.48.136,tcp,80,NO MATCH
2025/09/02 07:24:00,10.61.9.5,10.138.205.90,udp,161,NO MATCH
2025/09/02 07:22:10,10.61.9.5,10.160.32.111,tcp,80,NO MATCH
2025/09/02 07:21:21,10.61.9.5,10.160.40.40,tcp,80,NO MATCH
2025/09/02 07:20:56,10.61.9.5,10.160.32.111,udp,161,NO MATCH
2025/09/02 07:20:11,10.61.9.5,10.160.32.147,tcp,80,NO MATCH
2025/09/02 07:20:07,10.61.9.5,10.160.40.40,udp,161,NO MATCH
2025/09/02 07:19:54,10.61.10.11,10.160.36.46,udp,137,NO MATCH
2025/09/02 07:19:52,10.61.9.5,10.160.32.146,tcp,80,NO MATCH
2025/09/02 07:18:51,10.61.9.5,10.160.32.147,udp,161,NO MATCH
2025/09/02 07:18:40,10.61.9.5,10.160.32.146,udp,161,NO MATCH
2025/09/02 07:18:22,10.61.9.5,10.138.205.222,udp,161,NO MATCH
2025/09/02 07:18:19,10.61.10.16,10.160.36.46,udp,137,NO MATCH
2025/09/02 07:18:17,10.61.9.5,10.138.205.250,tcp,80,NO MATCH
2025/09/02 07:18:17,10.61.10.11,10.160.36.46,udp,137,NO MATCH
2025/09/02 07:18:10,10.61.9.5,10.160.48.51,tcp,80,NO MATCH
2025/09/02 07:17:45,10.61.9.5,10.160.40.38,tcp,80,NO MATCH
2025/09/02 07:17:40,10.61.9.5,10.160.26.45,tcp,443,NO MATCH
2025/09/02 07:17:39,10.61.9.5,10.160.32.132,tcp,80,NO MATCH
2025/09/02 07:17:35,10.61.9.5,10.160.26.45,tcp,80,NO MATCH
2025/09/02 07:17:30,10.61.9.5,10.160.40.37,tcp,80,NO MATCH
2025/09/02 07:17:14,10.61.9.5,10.150.254.240,tcp,80,NO MATCH
2025/09/02 07:16:59,10.61.9.5,10.138.205.250,udp,161,NO MATCH
2025/09/02 07:16:58,10.61.9.5,10.160.40.32,udp,161,NO MATCH
2025/09/02 07:16:55,10.61.9.5,10.150.253.242,tcp,80,NO MATCH
2025/09/02 07:16:51,10.61.9.5,10.138.205.108,udp,161,NO MATCH
2025/09/02 07:16:50,10.61.9.5,10.160.48.51,udp,161,NO MATCH
2025/09/02 07:16:47,10.61.9.5,10.160.36.26,udp,161,NO MATCH
2025/09/02 07:16:44,10.61.9.5,10.160.26.31,udp,161,NO MATCH
2025/09/02 07:16:43,10.61.9.5,10.138.205.238,udp,161,NO MATCH
2025/09/02 07:16:43,10.61.9.5,10.160.36.91,udp,161,NO MATCH
2025/09/02 07:16:42,10.61.9.5,10.160.36.23,udp,161,NO MATCH
2025/09/02 07:16:38,10.61.9.5,10.160.26.44,udp,161,NO MATCH
2025/09/02 07:16:35,10.61.9.5,10.160.32.149,udp,161,NO MATCH
2025/09/02 07:16:35,10.61.9.5,10.160.32.148,udp,161,NO MATCH
2025/09/02 07:16:27,10.61.9.5,10.160.40.38,udp,161,NO MATCH
2025/09/02 07:16:24,10.61.9.5,10.160.32.132,udp,161,NO MATCH
2025/09/02 07:16:23,10.61.9.5,10.150.252.240,udp,161,NO MATCH
2025/09/02 07:16:23,10.61.9.5,10.160.32.216,udp,161,NO MATCH
2025/09/02 07:16:23,10.61.9.5,10.160.36.102,udp,161,NO MATCH
2025/09/02 07:16:21,10.61.9.5,10.138.205.249,udp,161,NO MATCH
2025/09/02 07:16:21,10.61.9.5,10.160.26.45,udp,161,NO MATCH
2025/09/02 07:16:18,10.61.9.5,10.150.252.241,tcp,443,NO MATCH
2025/09/02 07:16:15,10.61.9.5,10.160.40.37,udp,161,NO MATCH
2025/09/02 07:16:14,10.61.9.5,10.150.252.241,tcp,80,NO MATCH
2025/09/02 07:16:14,10.61.9.5,10.138.205.228,udp,161,NO MATCH
2025/09/02 07:16:13,10.61.9.5,10.160.40.31,udp,161,NO MATCH
2025/09/02 07:16:11,10.61.9.5,10.150.254.240,udp,161,NO MATCH
2025/09/02 07:16:09,10.61.9.5,10.160.36.99,udp,161,NO MATCH
2025/09/02 07:16:08,10.61.9.5,10.150.254.242,udp,161,NO MATCH
2025/09/02 07:16:07,10.61.9.5,10.150.253.244,udp,161,NO MATCH
2025/09/02 07:16:04,10.61.9.5,10.160.26.43,udp,161,NO MATCH
2025/09/02 07:15:55,10.61.9.5,10.138.205.228,tcp,80,NO MATCH
2025/09/02 07:15:44,10.61.9.5,10.160.40.21,udp,161,NO MATCH
2025/09/02 07:15:44,10.61.9.5,10.160.40.22,udp,161,NO MATCH
2025/09/02 07:15:40,10.61.9.5,10.138.205.105,udp,161,NO MATCH
2025/09/02 07:15:39,10.61.9.5,10.150.253.242,udp,161,NO MATCH
2025/09/02 07:15:33,10.61.9.5,10.160.32.99,udp,161,NO MATCH
2025/09/02 07:15:32,10.61.9.5,10.160.26.32,udp,161,NO MATCH
2025/09/02 07:15:29,10.61.9.5,10.138.205.229,udp,161,NO MATCH
2025/09/02 07:15:23,10.61.9.5,10.160.32.135,udp,161,NO MATCH
2025/09/02 07:15:18,10.61.9.5,10.138.205.80,udp,161,NO MATCH
2025/09/02 07:15:13,10.61.9.5,10.160.36.101,udp,161,NO MATCH
2025/09/02 07:15:12,10.61.9.5,10.160.36.93,udp,161,NO MATCH
2025/09/02 07:15:11,10.61.9.5,10.160.48.56,udp,161,NO MATCH
2025/09/02 07:15:10,10.61.9.5,10.150.252.242,udp,161,NO MATCH
2025/09/02 07:15:10,10.61.9.5,10.138.205.229,tcp,80,NO MATCH
2025/09/02 07:15:10,10.61.9.5,10.138.205.219,udp,161,NO MATCH
2025/09/02 07:15:08,10.61.9.5,10.160.48.55,udp,161,NO MATCH
2025/09/02 07:15:01,10.61.9.5,10.160.32.150,udp,161,NO MATCH
2025/09/02 07:14:57,10.61.9.5,10.150.252.241,udp,161,NO MATCH
2025/09/02 07:14:56,10.61.9.5,10.160.36.86,udp,161,NO MATCH
2025/09/02 07:14:45,10.61.9.5,10.150.249.245,udp,161,NO MATCH
2025/09/02 07:14:43,10.61.9.5,10.138.205.239,udp,161,NO MATCH
2025/09/02 07:14:34,10.61.9.5,10.138.205.134,udp,161,NO MATCH
2025/09/02 07:14:34,10.61.9.5,10.160.40.39,tcp,80,NO MATCH
2025/09/02 07:14:23,10.61.9.5,10.160.40.24,udp,161,NO MATCH
2025/09/02 07:14:17,10.61.9.5,10.160.26.39,udp,161,NO MATCH
2025/09/02 07:14:16,10.61.9.5,10.160.26.46,udp,161,NO MATCH
2025/09/02 07:14:13,10.61.9.5,10.138.205.231,udp,161,NO MATCH
2025/09/02 07:14:05,10.61.9.5,10.150.254.243,udp,161,NO MATCH
2025/09/02 07:14:02,10.61.9.5,10.160.26.35,udp,161,NO MATCH
2025/09/02 07:14:01,10.61.9.5,10.160.40.27,udp,161,NO MATCH
2025/09/02 07:13:52,10.61.9.5,10.138.205.231,tcp,443,NO MATCH
2025/09/02 07:13:52,10.61.9.5,10.138.205.231,tcp,443,NO MATCH
2025/09/02 07:13:51,10.61.9.5,10.138.205.231,tcp,443,NO MATCH
2025/09/02 07:13:51,10.61.9.5,10.138.205.107,udp,161,NO MATCH
2025/09/02 07:13:51,10.61.9.5,10.138.205.231,tcp,443,NO MATCH
2025/09/02 07:13:48,10.61.9.5,10.160.36.95,udp,161,NO MATCH
2025/09/02 07:13:41,10.61.9.5,10.160.36.162,udp,161,NO MATCH
2025/09/02 07:13:40,10.61.9.5,10.160.48.52,udp,161,NO MATCH
2025/09/02 07:13:38,10.61.9.5,10.160.36.160,udp,161,NO MATCH
2025/09/02 07:13:38,10.61.9.5,10.138.205.236,udp,161,NO MATCH
2025/09/02 07:13:37,10.61.9.5,10.160.40.28,udp,161,NO MATCH
2025/09/02 07:13:37,10.61.9.5,10.160.36.74,udp,161,NO MATCH
2025/09/02 07:13:33,10.61.9.5,10.160.40.39,udp,161,NO MATCH
2025/09/02 07:13:30,10.61.9.5,10.160.40.42,udp,161,NO MATCH
2025/09/02 07:13:29,10.61.9.5,10.150.253.245,udp,161,NO MATCH
2025/09/02 07:13:24,10.61.9.5,10.160.40.36,tcp,80,NO MATCH
2025/09/02 07:13:09,10.61.9.5,10.160.40.34,udp,161,NO MATCH
2025/09/02 07:13:06,10.61.9.5,10.138.205.48,udp,161,NO MATCH
2025/09/02 07:13:02,10.61.9.5,10.160.48.37,udp,161,NO MATCH
2025/09/02 07:13:01,10.61.9.5,10.160.36.53,udp,161,NO MATCH
2025/09/02 07:12:59,10.61.9.5,10.160.32.143,udp,161,NO MATCH
2025/09/02 07:12:59,10.61.9.5,10.138.205.244,udp,161,NO MATCH
2025/09/02 07:12:57,10.61.9.5,10.160.36.59,udp,161,NO MATCH
2025/09/02 07:12:57,10.61.9.5,10.138.205.225,udp,161,NO MATCH
2025/09/02 07:12:50,10.61.9.5,10.160.32.145,udp,161,NO MATCH
2025/09/02 07:12:50,10.61.9.5,10.150.254.241,udp,161,NO MATCH
2025/09/02 07:12:42,10.61.9.5,10.160.48.38,udp,161,NO MATCH
2025/09/02 07:12:42,10.61.9.5,10.160.32.140,udp,161,NO MATCH
2025/09/02 07:12:37,10.61.9.5,10.160.40.65,udp,161,NO MATCH
2025/09/02 07:12:33,10.61.9.5,10.160.40.33,udp,161,NO MATCH
2025/09/02 07:12:32,10.61.9.5,10.138.205.230,udp,161,NO MATCH
2025/09/02 07:12:27,10.61.9.5,10.150.249.12,udp,161,NO MATCH
2025/09/02 07:12:27,10.61.9.5,10.150.253.246,udp,161,NO MATCH
2025/09/02 07:12:27,10.61.9.5,10.160.36.190,udp,161,NO MATCH
2025/09/02 07:12:22,10.61.9.5,10.160.32.144,udp,161,NO MATCH
2025/09/02 07:12:17,10.61.9.5,10.160.40.36,udp,161,NO MATCH
2025/09/02 07:12:13,10.61.9.5,10.160.40.30,udp,161,NO MATCH
2025/09/02 07:12:13,10.61.9.5,10.160.40.23,udp,161,NO MATCH
2025/09/02 07:11:49,10.61.9.5,10.138.205.237,udp,161,NO MATCH
2025/09/02 07:11:46,10.61.9.5,10.160.48.57,udp,161,NO MATCH
2025/09/02 07:11:45,10.61.9.5,10.138.205.103,udp,161,NO MATCH
2025/09/02 07:11:44,10.61.9.5,10.160.36.176,udp,161,NO MATCH
2025/09/02 07:11:39,10.61.9.5,10.160.36.32,udp,161,NO MATCH
2025/09/02 07:11:39,10.61.9.5,10.160.36.174,udp,161,NO MATCH
2025/09/02 07:11:37,10.61.9.5,10.160.26.27,udp,161,NO MATCH
2025/09/02 07:11:33,10.61.9.5,10.160.36.157,udp,161,NO MATCH
2025/09/02 07:11:31,10.61.9.5,10.160.40.26,udp,161,NO MATCH
2025/09/02 07:11:27,10.61.9.5,10.160.36.24,udp,161,NO MATCH
2025/09/02 07:11:24,10.61.9.5,10.138.205.247,udp,161,NO MATCH
2025/09/02 07:11:22,10.61.9.5,10.138.205.102,udp,161,NO MATCH
2025/09/02 07:11:20,10.61.9.5,10.160.32.55,udp,161,NO MATCH
2025/09/02 07:11:15,10.61.9.5,10.160.36.76,udp,161,NO MATCH
2025/09/02 07:11:14,10.61.9.5,10.150.254.83,udp,161,NO MATCH
2025/09/02 07:10:48,10.61.9.5,10.160.26.36,udp,161,NO MATCH
2025/09/02 07:10:38,10.61.9.5,10.160.36.61,udp,161,NO MATCH
2025/09/02 07:10:30,10.61.9.5,10.138.205.240,udp,161,NO MATCH
2025/09/02 07:10:30,10.61.9.5,10.150.253.243,udp,161,NO MATCH
2025/09/02 07:10:24,10.61.9.5,10.160.26.33,udp,161,NO MATCH
2025/09/02 07:10:23,10.61.9.5,10.160.32.151,udp,161,NO MATCH
2025/09/02 07:10:23,10.61.9.5,10.150.250.241,udp,161,NO MATCH
2025/09/02 07:10:22,10.61.9.5,10.138.205.253,udp,161,NO MATCH
2025/09/02 07:10:17,10.61.9.5,10.150.249.242,udp,161,NO MATCH
2025/09/02 07:10:17,10.61.9.5,10.138.205.223,udp,161,NO MATCH
2025/09/02 07:10:11,10.61.9.5,10.138.205.251,udp,161,NO MATCH
2025/09/02 07:10:11,10.61.9.5,10.138.205.133,udp,161,NO MATCH
2025/09/02 07:09:55,10.61.9.5,10.138.205.252,udp,161,NO MATCH
2025/09/02 07:09:46,10.61.9.5,10.160.36.84,udp,161,NO MATCH
2025/09/02 07:09:46,10.61.9.5,10.160.36.87,udp,161,NO MATCH
2025/09/02 07:09:44,10.61.9.5,10.160.26.36,udp,161,NO MATCH
2025/09/02 07:09:32,10.61.9.5,10.150.249.241,udp,161,NO MATCH
2025/09/02 07:09:29,10.61.9.5,10.160.26.26,udp,161,NO MATCH
2025/09/02 07:09:21,10.61.9.5,10.160.36.50,udp,161,NO MATCH
2025/09/02 07:09:18,10.61.9.5,10.160.48.54,udp,161,NO MATCH
2025/09/02 07:09:15,10.61.9.5,10.160.36.69,udp,161,NO MATCH
2025/09/02 07:09:12,10.61.9.5,10.160.48.53,udp,161,NO MATCH
2025/09/02 07:09:11,10.61.9.5,10.160.26.38,udp,161,NO MATCH
2025/09/02 07:09:10,10.61.9.5,10.160.40.43,udp,161,NO MATCH
2025/09/02 07:09:08,10.61.9.5,10.160.32.98,udp,161,NO MATCH
2025/09/02 07:09:07,10.61.9.5,10.150.249.244,udp,161,NO MATCH
2025/09/02 07:09:02,10.61.9.5,10.150.249.240,udp,161,NO MATCH
2025/09/02 07:09:02,10.61.9.5,10.160.48.62,udp,161,NO MATCH
2025/09/02 07:08:53,10.61.9.5,10.160.36.88,udp,161,NO MATCH
2025/09/02 07:08:52,10.61.9.5,10.150.249.243,udp,161,NO MATCH
2025/09/02 07:08:52,10.61.9.5,10.160.40.35,udp,161,NO MATCH
2025/09/02 07:08:41,10.61.9.5,10.160.40.29,udp,161,NO MATCH
2025/09/02 07:08:39,10.61.9.5,10.160.36.60,udp,161,NO MATCH
2025/09/02 07:08:33,10.61.9.5,10.160.36.62,udp,161,NO MATCH
2025/09/02 07:08:31,10.61.9.5,10.160.36.75,udp,161,NO MATCH
2025/09/02 07:08:21,10.61.9.5,10.160.36.6,udp,161,NO MATCH
2025/09/02 07:08:18,10.61.9.5,10.150.253.241,udp,161,NO MATCH
2025/09/02 07:08:18,10.61.9.5,10.160.40.25,udp,161,NO MATCH
2025/09/02 07:08:16,10.61.9.5,10.160.33.6,udp,161,NO MATCH
2025/09/02 07:08:08,10.61.9.5,10.160.26.25,udp,161,NO MATCH
2025/09/02 07:07:21,10.61.9.5,10.160.48.36,udp,161,NO MATCH
2025/09/02 07:07:21,10.61.9.5,10.160.26.28,udp,161,NO MATCH
2025/09/02 07:07:05,10.61.9.5,10.160.48.35,udp,161,NO MATCH
2025/09/02 06:25:37,10.61.9.5,10.160.48.136,tcp,80,NO MATCH
2025/09/02 06:24:28,10.61.9.5,10.160.48.136,udp,161,NO MATCH
2025/09/02 06:22:59,10.61.9.5,10.138.205.90,udp,161,NO MATCH
2025/09/02 06:21:18,10.61.9.5,10.160.32.111,tcp,80,NO MATCH
2025/09/02 06:20:53,10.61.9.5,10.160.40.40,tcp,80,NO MATCH
2025/09/02 06:20:08,10.61.9.5,10.160.32.111,udp,161,NO MATCH
2025/09/02 06:19:40,10.61.9.5,10.160.40.40,udp,161,NO MATCH
2025/09/02 06:19:24,10.61.9.5,10.160.32.147,tcp,80,NO MATCH
2025/09/02 06:19:01,10.61.9.5,10.160.32.146,tcp,80,NO MATCH
2025/09/02 06:18:10,10.61.9.5,10.160.32.147,udp,161,NO MATCH
2025/09/02 06:17:49,10.61.9.5,10.160.32.146,udp,161,NO MATCH
2025/09/02 06:17:40,10.61.9.5,10.138.205.222,udp,161,NO MATCH
2025/09/02 06:17:36,10.61.9.5,10.138.205.250,tcp,80,NO MATCH
2025/09/02 06:17:36,10.61.9.5,10.160.48.51,tcp,80,NO MATCH
2025/09/02 06:17:27,10.61.9.5,10.160.40.38,tcp,80,NO MATCH
2025/09/02 06:17:24,10.61.9.5,10.160.26.45,tcp,443,NO MATCH
2025/09/02 06:17:22,10.61.9.5,10.160.32.132,tcp,80,NO MATCH
2025/09/02 06:17:16,10.61.9.5,10.160.26.45,tcp,80,NO MATCH
2025/09/02 06:17:12,10.61.9.5,10.160.40.37,tcp,80,NO MATCH
2025/09/02 06:16:56,10.61.9.5,10.150.254.240,tcp,80,NO MATCH
2025/09/02 06:16:51,10.61.9.5,10.160.40.32,udp,161,NO MATCH
2025/09/02 06:16:36,10.61.9.5,10.150.253.242,tcp,80,NO MATCH
2025/09/02 06:16:31,10.61.9.5,10.160.36.23,udp,161,NO MATCH
2025/09/02 06:16:23,10.61.9.5,10.138.205.250,udp,161,NO MATCH
2025/09/02 06:16:18,10.61.9.5,10.160.48.51,udp,161,NO MATCH
2025/09/02 06:16:17,10.61.9.5,10.160.40.38,udp,161,NO MATCH
2025/09/02 06:16:13,10.61.9.5,10.160.32.132,udp,161,NO MATCH
2025/09/02 06:16:08,10.61.9.5,10.150.252.241,tcp,443,NO MATCH
2025/09/02 06:16:08,10.61.9.5,10.160.26.44,udp,161,NO MATCH
2025/09/02 06:16:07,10.61.9.5,10.160.40.31,udp,161,NO MATCH
2025/09/02 06:16:07,10.61.9.5,10.138.205.228,udp,161,NO MATCH
2025/09/02 06:16:05,10.61.9.5,10.160.26.45,udp,161,NO MATCH
2025/09/02 06:16:02,10.61.9.5,10.150.252.241,tcp,80,NO MATCH
2025/09/02 06:16:02,10.61.9.5,10.160.40.37,udp,161,NO MATCH
2025/09/02 06:16:00,10.61.9.5,10.160.26.43,udp,161,NO MATCH
2025/09/02 06:15:57,10.61.9.5,10.160.32.149,udp,161,NO MATCH
2025/09/02 06:15:52,10.61.9.5,10.160.32.148,udp,161,NO MATCH
2025/09/02 06:15:47,10.61.9.5,10.138.205.228,tcp,80,NO MATCH
2025/09/02 06:15:45,10.61.9.5,10.150.254.240,udp,161,NO MATCH
2025/09/02 06:15:37,10.61.9.5,10.160.40.22,udp,161,NO MATCH
2025/09/02 06:15:36,10.61.9.5,10.160.40.21,udp,161,NO MATCH
2025/09/02 06:15:25,10.61.9.5,10.150.253.242,udp,161,NO MATCH
2025/09/02 06:15:23,10.61.9.5,10.138.205.229,udp,161,NO MATCH
2025/09/02 06:15:01,10.61.9.5,10.138.205.229,tcp,80,NO MATCH
2025/09/02 06:14:48,10.61.9.5,10.150.252.241,udp,161,NO MATCH
2025/09/02 06:14:30,10.61.9.5,10.138.205.134,udp,161,NO MATCH
2025/09/02 06:14:29,10.61.9.5,10.160.32.150,udp,161,NO MATCH
2025/09/02 06:14:16,10.61.9.5,10.160.40.24,udp,161,NO MATCH
2025/09/02 06:13:58,10.61.9.5,10.138.205.231,udp,161,NO MATCH
2025/09/02 06:13:52,10.61.9.5,10.160.40.27,udp,161,NO MATCH
2025/09/02 06:13:48,10.61.9.5,10.160.40.39,tcp,80,NO MATCH
2025/09/02 06:13:36,10.61.9.5,10.138.205.231,tcp,443,NO MATCH
2025/09/02 06:13:36,10.61.9.5,10.138.205.231,tcp,443,NO MATCH
2025/09/02 06:13:36,10.61.9.5,10.138.205.231,tcp,443,NO MATCH
2025/09/02 06:13:35,10.61.9.5,10.138.205.231,tcp,443,NO MATCH
2025/09/02 06:13:27,10.61.9.5,10.160.40.28,udp,161,NO MATCH
2025/09/02 06:13:20,10.61.9.5,10.160.26.35,udp,161,NO MATCH
2025/09/02 06:13:00,10.61.9.5,10.160.48.37,udp,161,NO MATCH
2025/09/02 06:12:56,10.61.9.5,10.160.40.36,tcp,80,NO MATCH
2025/09/02 06:12:54,10.61.9.5,10.160.40.39,udp,161,NO MATCH
2025/09/02 06:12:53,10.61.9.5,10.138.205.48,udp,161,NO MATCH
2025/09/02 06:12:48,10.61.9.5,10.160.40.34,udp,161,NO MATCH
2025/09/02 06:12:40,10.61.9.5,10.160.48.38,udp,161,NO MATCH
2025/09/02 06:12:23,10.61.9.5,10.160.40.33,udp,161,NO MATCH
2025/09/02 06:11:58,10.61.9.5,10.160.40.30,udp,161,NO MATCH
2025/09/02 06:11:58,10.61.9.5,10.160.40.23,udp,161,NO MATCH
2025/09/02 06:11:46,10.61.9.5,10.160.40.36,udp,161,NO MATCH
2025/09/02 06:11:35,10.61.9.5,10.160.26.27,udp,161,NO MATCH
2025/09/02 06:11:06,10.61.9.5,10.160.40.26,udp,161,NO MATCH
2025/09/02 06:10:58,10.61.9.5,10.160.36.24,udp,161,NO MATCH
2025/09/02 06:10:54,10.61.9.5,10.138.205.102,udp,161,NO MATCH
2025/09/02 06:09:39,10.61.9.5,10.160.26.36,udp,161,NO MATCH
2025/09/02 06:09:24,10.61.9.5,10.160.26.26,udp,161,NO MATCH
2025/09/02 06:08:33,10.61.9.5,10.160.40.29,udp,161,NO MATCH
2025/09/02 06:08:11,10.61.9.5,10.160.36.6,udp,161,NO MATCH
2025/09/02 06:08:03,10.61.9.5,10.160.40.25,udp,161,NO MATCH
2025/09/02 06:07:54,10.61.9.5,10.160.26.25,udp,161,NO MATCH
2025/09/02 06:07:19,10.61.9.5,10.160.48.36,udp,161,NO MATCH
2025/09/02 06:07:19,10.61.9.5,10.160.26.28,udp,161,NO MATCH
2025/09/02 06:07:05,10.61.9.5,10.160.48.35,udp,161,NO MATCH
2025/09/02 05:25:18,10.61.10.11,10.160.36.46,udp,137,NO MATCH
2025/09/02 05:25:17,10.61.10.16,10.160.36.46,udp,137,NO MATCH
2025/09/02 05:25:17,10.61.10.11,10.160.36.46,udp,137,NO MATCH
2025/09/02 05:23:57,10.61.9.5,10.160.48.136,tcp,80,NO MATCH
2025/09/02 05:23:17,10.61.9.5,10.160.48.136,udp,161,NO MATCH
2025/09/02 05:21:55,10.61.9.5,10.138.205.90,udp,161,NO MATCH
2025/09/02 05:20:25,10.61.9.5,10.160.32.111,tcp,80,NO MATCH
2025/09/02 05:20:24,10.61.9.5,10.160.40.40,tcp,80,NO MATCH
2025/09/02 05:19:15,10.61.9.5,10.160.40.40,udp,161,NO MATCH
2025/09/02 05:19:14,10.61.9.5,10.160.32.111,udp,161,NO MATCH
2025/09/02 05:18:29,10.61.9.5,10.160.32.147,tcp,80,NO MATCH
2025/09/02 05:18:19,10.61.9.5,10.160.32.146,tcp,80,NO MATCH
2025/09/02 05:17:18,10.61.9.5,10.160.32.147,udp,161,NO MATCH
2025/09/02 05:17:12,10.61.9.5,10.160.40.38,tcp,80,NO MATCH
2025/09/02 05:17:06,10.61.9.5,10.160.26.45,tcp,443,NO MATCH
2025/09/02 05:17:06,10.61.9.5,10.160.32.132,tcp,80,NO MATCH
2025/09/02 05:17:03,10.61.9.5,10.160.48.51,tcp,80,NO MATCH
2025/09/02 05:17:02,10.61.9.5,10.160.32.146,udp,161,NO MATCH
2025/09/02 05:17:02,10.61.9.5,10.160.26.45,tcp,80,NO MATCH
2025/09/02 05:17:02,10.61.9.5,10.138.205.108,udp,161,NO MATCH
2025/09/02 05:16:57,10.61.9.5,10.160.40.37,tcp,80,NO MATCH
2025/09/02 05:16:55,10.61.9.5,10.138.205.250,tcp,80,NO MATCH
2025/09/02 05:16:51,10.61.9.5,10.160.36.91,udp,161,NO MATCH
2025/09/02 05:16:43,10.61.9.5,10.138.205.249,udp,161,NO MATCH
2025/09/02 05:16:41,10.61.9.5,10.150.254.240,tcp,80,NO MATCH
2025/09/02 05:16:40,10.61.9.5,10.160.40.32,udp,161,NO MATCH
2025/09/02 05:16:29,10.61.9.5,10.160.36.26,udp,161,NO MATCH
2025/09/02 05:16:26,10.61.9.5,10.160.26.31,udp,161,NO MATCH
2025/09/02 05:16:22,10.61.9.5,10.150.253.242,tcp,80,NO MATCH
2025/09/02 05:16:21,10.61.9.5,10.150.252.240,udp,161,NO MATCH
2025/09/02 05:16:20,10.61.9.5,10.160.36.23,udp,161,NO MATCH
2025/09/02 05:16:20,10.61.9.5,10.138.205.238,udp,161,NO MATCH
2025/09/02 05:16:19,10.61.9.5,10.160.32.216,udp,161,NO MATCH
2025/09/02 05:16:10,10.61.9.5,10.160.36.102,udp,161,NO MATCH
2025/09/02 05:15:57,10.61.9.5,10.160.40.38,udp,161,NO MATCH
2025/09/02 05:15:57,10.61.9.5,10.138.205.228,udp,161,NO MATCH
2025/09/02 05:15:56,10.61.9.5,10.160.40.31,udp,161,NO MATCH
2025/09/02 05:15:56,10.61.9.5,10.160.26.43,udp,161,NO MATCH
2025/09/02 05:15:55,10.61.9.5,10.150.252.241,tcp,443,NO MATCH
2025/09/02 05:15:53,10.61.9.5,10.160.32.132,udp,161,NO MATCH
2025/09/02 05:15:53,10.61.9.5,10.150.254.242,udp,161,NO MATCH
2025/09/02 05:15:51,10.61.9.5,10.150.252.241,tcp,80,NO MATCH
2025/09/02 05:15:49,10.61.9.5,10.150.253.244,udp,161,NO MATCH
2025/09/02 05:15:46,10.61.9.5,10.160.36.99,udp,161,NO MATCH
2025/09/02 05:15:45,10.61.9.5,10.160.26.45,udp,161,NO MATCH
2025/09/02 05:15:43,10.61.9.5,10.138.205.105,udp,161,NO MATCH
2025/09/02 05:15:42,10.61.9.5,10.160.48.51,udp,161,NO MATCH
2025/09/02 05:15:42,10.61.9.5,10.160.40.37,udp,161,NO MATCH
2025/09/02 05:15:39,10.61.9.5,10.138.205.250,udp,161,NO MATCH
2025/09/02 05:15:39,10.61.9.5,10.160.26.44,udp,161,NO MATCH
2025/09/02 05:15:36,10.61.9.5,10.138.205.228,tcp,80,NO MATCH
2025/09/02 05:15:28,10.61.9.5,10.150.254.240,udp,161,NO MATCH
2025/09/02 05:15:23,10.61.9.5,10.160.32.149,udp,161,NO MATCH
2025/09/02 05:15:21,10.61.9.5,10.160.32.135,udp,161,NO MATCH
2025/09/02 05:15:20,10.61.9.5,10.160.32.99,udp,161,NO MATCH
2025/09/02 05:15:19,10.61.9.5,10.160.32.148,udp,161,NO MATCH
2025/09/02 05:15:17,10.61.9.5,10.160.40.21,udp,161,NO MATCH
2025/09/02 05:15:17,10.61.9.5,10.160.26.32,udp,161,NO MATCH
2025/09/02 05:15:17,10.61.9.5,10.160.40.22,udp,161,NO MATCH
2025/09/02 05:15:14,10.61.9.5,10.138.205.219,udp,161,NO MATCH
2025/09/02 05:15:10,10.61.9.5,10.138.205.229,udp,161,NO MATCH
2025/09/02 05:15:08,10.61.9.5,10.150.253.242,udp,161,NO MATCH
2025/09/02 05:15:07,10.61.9.5,10.138.205.80,udp,161,NO MATCH
2025/09/02 05:15:05,10.61.9.5,10.160.36.101,udp,161,NO MATCH
2025/09/02 05:15:05,10.61.9.5,10.160.36.93,udp,161,NO MATCH
2025/09/02 05:15:04,10.61.9.5,10.150.252.242,udp,161,NO MATCH
2025/09/02 05:15:02,10.61.9.5,10.160.48.56,udp,161,NO MATCH
2025/09/02 05:14:59,10.61.9.5,10.160.36.86,udp,161,NO MATCH
2025/09/02 05:14:51,10.61.9.5,10.138.205.229,tcp,80,NO MATCH
2025/09/02 05:14:45,10.61.9.5,10.160.48.55,udp,161,NO MATCH
2025/09/02 05:14:42,10.61.9.5,10.138.205.239,udp,161,NO MATCH
2025/09/02 05:14:34,10.61.9.5,10.150.252.241,udp,161,NO MATCH
2025/09/02 05:14:32,10.61.9.5,10.150.249.245,udp,161,NO MATCH
2025/09/02 05:14:26,10.61.9.5,10.138.205.134,udp,161,NO MATCH
2025/09/02 05:14:16,10.61.9.5,10.138.205.222,udp,161,NO MATCH
2025/09/02 05:14:08,10.61.9.5,10.150.254.243,udp,161,NO MATCH
2025/09/02 05:14:05,10.61.9.5,10.160.40.24,udp,161,NO MATCH
2025/09/02 05:13:59,10.61.9.5,10.160.26.46,udp,161,NO MATCH
2025/09/02 05:13:59,10.61.9.5,10.160.32.150,udp,161,NO MATCH
2025/09/02 05:13:59,10.61.9.5,10.160.26.39,udp,161,NO MATCH
2025/09/02 05:13:54,10.61.9.5,10.138.205.107,udp,161,NO MATCH
2025/09/02 05:13:44,10.61.9.5,10.160.36.95,udp,161,NO MATCH
2025/09/02 05:13:41,10.61.9.5,10.160.40.27,udp,161,NO MATCH
2025/09/02 05:13:33,10.61.9.5,10.138.205.231,udp,161,NO MATCH
2025/09/02 05:13:33,10.61.9.5,10.160.36.162,udp,161,NO MATCH
2025/09/02 05:13:23,10.61.9.5,10.160.40.39,tcp,80,NO MATCH
2025/09/02 05:13:20,10.61.9.5,10.138.205.236,udp,161,NO MATCH
2025/09/02 05:13:17,10.61.9.5,10.160.36.160,udp,161,NO MATCH
2025/09/02 05:13:16,10.61.9.5,10.160.48.52,udp,161,NO MATCH
2025/09/02 05:13:15,10.61.9.5,10.160.40.28,udp,161,NO MATCH
2025/09/02 05:13:13,10.61.9.5,10.138.205.231,tcp,443,NO MATCH
2025/09/02 05:13:13,10.61.9.5,10.138.205.231,tcp,443,NO MATCH
2025/09/02 05:13:12,10.61.9.5,10.138.205.231,tcp,443,NO MATCH
2025/09/02 05:13:12,10.61.9.5,10.138.205.231,tcp,443,NO MATCH
2025/09/02 05:13:08,10.61.9.5,10.160.36.59,udp,161,NO MATCH
2025/09/02 05:13:08,10.61.9.5,10.150.253.245,udp,161,NO MATCH
2025/09/02 05:12:55,10.61.9.5,10.160.48.37,udp,161,NO MATCH
2025/09/02 05:12:52,10.61.9.5,10.138.205.244,udp,161,NO MATCH
2025/09/02 05:12:49,10.61.9.5,10.160.32.143,udp,161,NO MATCH
2025/09/02 05:12:46,10.61.9.5,10.160.26.35,udp,161,NO MATCH
2025/09/02 05:12:43,10.61.9.5,10.160.32.144,udp,161,NO MATCH
2025/09/02 05:12:42,10.61.9.5,10.150.254.241,udp,161,NO MATCH
2025/09/02 05:12:41,10.61.9.5,10.138.205.225,udp,161,NO MATCH
2025/09/02 05:12:40,10.61.9.5,10.160.36.53,udp,161,NO MATCH
2025/09/02 05:12:38,10.61.9.5,10.138.205.48,udp,161,NO MATCH
2025/09/02 05:12:35,10.61.9.5,10.160.48.38,udp,161,NO MATCH
2025/09/02 05:12:34,10.61.9.5,10.160.32.145,udp,161,NO MATCH
2025/09/02 05:12:27,10.61.9.5,10.160.40.36,tcp,80,NO MATCH
2025/09/02 05:12:25,10.61.9.5,10.160.40.65,udp,161,NO MATCH
2025/09/02 05:12:20,10.61.9.5,10.160.40.34,udp,161,NO MATCH
2025/09/02 05:12:18,10.61.9.5,10.150.253.246,udp,161,NO MATCH
2025/09/02 05:12:11,10.61.9.5,10.160.40.33,udp,161,NO MATCH
2025/09/02 05:12:08,10.61.9.5,10.138.205.230,udp,161,NO MATCH
2025/09/02 05:12:07,10.61.9.5,10.160.40.39,udp,161,NO MATCH
2025/09/02 05:11:54,10.61.9.5,10.150.249.12,udp,161,NO MATCH
2025/09/02 05:11:54,10.61.9.5,10.160.36.190,udp,161,NO MATCH
2025/09/02 05:11:53,10.61.9.5,10.160.32.140,udp,161,NO MATCH
2025/09/02 05:11:48,10.61.9.5,10.160.40.30,udp,161,NO MATCH
2025/09/02 05:11:48,10.61.9.5,10.160.40.23,udp,161,NO MATCH
2025/09/02 05:11:48,10.61.9.5,10.138.205.237,udp,161,NO MATCH
2025/09/02 05:11:31,10.61.9.5,10.160.26.27,udp,161,NO MATCH
2025/09/02 05:11:30,10.61.9.5,10.160.32.151,udp,161,NO MATCH
2025/09/02 05:11:14,10.61.9.5,10.138.205.103,udp,161,NO MATCH
2025/09/02 05:11:13,10.61.9.5,10.160.36.76,udp,161,NO MATCH
2025/09/02 05:11:12,10.61.9.5,10.160.40.36,udp,161,NO MATCH
2025/09/02 05:11:04,10.61.9.5,10.160.36.176,udp,161,NO MATCH
2025/09/02 05:11:04,10.61.9.5,10.160.48.57,udp,161,NO MATCH
2025/09/02 05:11:01,10.61.9.5,10.138.205.247,udp,161,NO MATCH
2025/09/02 05:11:00,10.61.9.5,10.160.36.174,udp,161,NO MATCH
2025/09/02 05:10:58,10.61.9.5,10.160.36.157,udp,161,NO MATCH
2025/09/02 05:10:56,10.61.9.5,10.160.40.26,udp,161,NO MATCH
2025/09/02 05:10:54,10.61.9.5,10.160.36.32,udp,161,NO MATCH
2025/09/02 05:10:54,10.61.9.5,10.160.32.55,udp,161,NO MATCH
2025/09/02 05:10:52,10.61.9.5,10.138.205.223,udp,161,NO MATCH
2025/09/02 05:10:51,10.61.9.5,10.138.205.253,udp,161,NO MATCH
2025/09/02 05:10:50,10.61.9.5,10.160.26.33,udp,161,NO MATCH
2025/09/02 05:10:50,10.61.9.5,10.138.205.102,udp,161,NO MATCH
2025/09/02 05:10:50,10.61.9.5,10.150.254.83,udp,161,NO MATCH
2025/09/02 05:10:49,10.61.9.5,10.150.250.241,udp,161,NO MATCH
2025/09/02 05:10:48,10.61.9.5,10.150.253.243,udp,161,NO MATCH
2025/09/02 05:10:47,10.61.9.5,10.160.36.61,udp,161,NO MATCH
2025/09/02 05:10:44,10.61.9.5,10.138.205.240,udp,161,NO MATCH
2025/09/02 05:10:43,10.61.9.5,10.138.205.251,udp,161,NO MATCH
2025/09/02 05:10:39,10.61.9.5,10.150.249.242,udp,161,NO MATCH
2025/09/02 05:10:37,10.61.9.5,10.160.36.24,udp,161,NO MATCH
2025/09/02 05:10:30,10.61.9.5,10.138.205.252,udp,161,NO MATCH
2025/09/02 05:09:59,10.61.9.5,10.138.205.133,udp,161,NO MATCH
2025/09/02 05:09:41,10.61.9.5,10.160.36.84,udp,161,NO MATCH
2025/09/02 05:09:41,10.61.9.5,10.160.36.87,udp,161,NO MATCH
2025/09/02 05:09:35,10.61.9.5,10.150.249.241,udp,161,NO MATCH
2025/09/02 05:09:30,10.61.9.5,10.160.26.38,udp,161,NO MATCH
2025/09/02 05:09:25,10.61.9.5,10.160.32.98,udp,161,NO MATCH
2025/09/02 05:09:23,10.61.9.5,10.160.26.26,udp,161,NO MATCH
2025/09/02 05:09:21,10.61.9.5,10.160.26.36,udp,161,NO MATCH
2025/09/02 05:09:06,10.61.9.5,10.160.40.43,udp,161,NO MATCH
2025/09/02 05:09:03,10.61.9.5,10.160.36.50,udp,161,NO MATCH
2025/09/02 05:09:02,10.61.9.5,10.160.48.54,udp,161,NO MATCH
2025/09/02 05:09:02,10.61.9.5,10.160.48.53,udp,161,NO MATCH
2025/09/02 05:09:02,10.61.9.5,10.160.36.69,udp,161,NO MATCH
2025/09/02 05:08:58,10.61.9.5,10.150.249.240,udp,161,NO MATCH
2025/09/02 05:08:58,10.61.9.5,10.160.48.62,udp,161,NO MATCH
2025/09/02 05:08:58,10.61.9.5,10.150.249.244,udp,161,NO MATCH
2025/09/02 05:08:51,10.61.9.5,10.150.249.243,udp,161,NO MATCH
2025/09/02 05:08:49,10.61.9.5,10.160.36.88,udp,161,NO MATCH
2025/09/02 05:08:47,10.61.9.5,10.160.40.35,udp,161,NO MATCH
2025/09/02 05:08:35,10.61.9.5,10.160.36.60,udp,161,NO MATCH
2025/09/02 05:08:30,10.61.9.5,10.160.36.75,udp,161,NO MATCH
2025/09/02 05:08:29,10.61.9.5,10.160.36.62,udp,161,NO MATCH
2025/09/02 05:08:12,10.61.9.5,10.160.40.29,udp,161,NO MATCH
2025/09/02 05:08:11,10.61.9.5,10.160.33.6,udp,161,NO MATCH
2025/09/02 05:08:07,10.61.9.5,10.150.253.241,udp,161,NO MATCH
2025/09/02 05:08:02,10.61.9.5,10.160.36.74,udp,161,NO MATCH
2025/09/02 05:08:00,10.61.9.5,10.160.36.6,udp,161,NO MATCH
2025/09/02 05:08:00,10.61.9.5,10.160.40.42,udp,161,NO MATCH
2025/09/02 05:07:53,10.61.9.5,10.160.26.25,udp,161,NO MATCH
2025/09/02 05:07:43,10.61.9.5,10.160.40.25,udp,161,NO MATCH
2025/09/02 05:07:15,10.61.9.5,10.160.48.36,udp,161,NO MATCH
2025/09/02 05:07:15,10.61.9.5,10.160.26.28,udp,161,NO MATCH
2025/09/02 05:07:01,10.61.9.5,10.160.48.35,udp,161,NO MATCH
2025/09/02 05:06:06,10.61.10.11,10.160.36.46,udp,137,NO MATCH
2025/09/02 04:22:30,10.61.9.5,10.160.48.136,tcp,80,NO MATCH
2025/09/02 04:21:53,10.61.9.5,10.160.48.136,udp,161,NO MATCH
2025/09/02 04:21:05,10.61.9.5,10.138.205.90,udp,161,NO MATCH
2025/09/02 04:19:41,10.61.9.5,10.160.40.40,tcp,80,NO MATCH
2025/09/02 04:19:32,10.61.9.5,10.160.32.111,tcp,80,NO MATCH
2025/09/02 04:18:42,10.61.9.5,10.160.40.40,udp,161,NO MATCH
2025/09/02 04:18:23,10.61.9.5,10.160.32.111,udp,161,NO MATCH
2025/09/02 04:17:47,10.61.9.5,10.160.32.147,tcp,80,NO MATCH
2025/09/02 04:17:38,10.61.9.5,10.160.32.146,tcp,80,NO MATCH
2025/09/02 04:16:51,10.61.9.5,10.160.26.45,tcp,443,NO MATCH
2025/09/02 04:16:49,10.61.9.5,10.160.32.132,tcp,80,NO MATCH
2025/09/02 04:16:45,10.61.9.5,10.160.40.38,tcp,80,NO MATCH
2025/09/02 04:16:44,10.61.9.5,10.160.26.45,tcp,80,NO MATCH
2025/09/02 04:16:33,10.61.9.5,10.160.40.32,udp,161,NO MATCH
2025/09/02 04:16:32,10.61.9.5,10.160.32.147,udp,161,NO MATCH
2025/09/02 04:16:28,10.61.9.5,10.160.40.37,tcp,80,NO MATCH
2025/09/02 04:16:27,10.61.9.5,10.160.48.51,tcp,80,NO MATCH
2025/09/02 04:16:25,10.61.9.5,10.160.32.146,udp,161,NO MATCH
2025/09/02 04:16:23,10.61.9.5,10.150.254.240,tcp,80,NO MATCH
2025/09/02 04:16:14,10.61.9.5,10.160.36.23,udp,161,NO MATCH
2025/09/02 04:16:10,10.61.9.5,10.138.205.250,tcp,80,NO MATCH
2025/09/02 04:16:08,10.61.9.5,10.150.253.242,tcp,80,NO MATCH
2025/09/02 04:15:52,10.61.9.5,10.160.26.43,udp,161,NO MATCH
2025/09/02 04:15:49,10.61.9.5,10.138.205.228,udp,161,NO MATCH
2025/09/02 04:15:48,10.61.9.5,10.160.40.31,udp,161,NO MATCH
2025/09/02 04:15:43,10.61.9.5,10.150.252.241,tcp,443,NO MATCH
2025/09/02 04:15:38,10.61.9.5,10.150.252.241,tcp,80,NO MATCH
2025/09/02 04:15:37,10.61.9.5,10.160.32.132,udp,161,NO MATCH
2025/09/02 04:15:33,10.61.9.5,10.160.40.38,udp,161,NO MATCH
2025/09/02 04:15:32,10.61.9.5,10.160.26.45,udp,161,NO MATCH
2025/09/02 04:15:29,10.61.9.5,10.138.205.228,tcp,80,NO MATCH
2025/09/02 04:15:26,10.61.9.5,10.160.40.37,udp,161,NO MATCH
2025/09/02 04:15:11,10.61.9.5,10.150.254.240,udp,161,NO MATCH
2025/09/02 04:15:08,10.61.9.5,10.160.40.21,udp,161,NO MATCH
2025/09/02 04:15:08,10.61.9.5,10.160.48.51,udp,161,NO MATCH
2025/09/02 04:15:08,10.61.9.5,10.160.40.22,udp,161,NO MATCH
2025/09/02 04:15:06,10.61.9.5,10.160.26.44,udp,161,NO MATCH
2025/09/02 04:15:05,10.61.9.5,10.138.205.229,udp,161,NO MATCH
2025/09/02 04:14:56,10.61.9.5,10.138.205.250,udp,161,NO MATCH
2025/09/02 04:14:54,10.61.9.5,10.150.253.242,udp,161,NO MATCH
2025/09/02 04:14:43,10.61.9.5,10.138.205.229,tcp,80,NO MATCH
2025/09/02 04:14:43,10.61.9.5,10.160.32.149,udp,161,NO MATCH
2025/09/02 04:14:32,10.61.9.5,10.160.32.148,udp,161,NO MATCH
2025/09/02 04:14:23,10.61.9.5,10.150.252.241,udp,161,NO MATCH
2025/09/02 04:14:22,10.61.9.5,10.138.205.134,udp,161,NO MATCH
2025/09/02 04:13:48,10.61.9.5,10.160.40.24,udp,161,NO MATCH
2025/09/02 04:13:40,10.61.9.5,10.138.205.222,udp,161,NO MATCH
2025/09/02 04:13:29,10.61.9.5,10.160.40.27,udp,161,NO MATCH
2025/09/02 04:13:28,10.61.9.5,10.160.32.150,udp,161,NO MATCH
2025/09/02 04:13:11,10.61.9.5,10.138.205.231,udp,161,NO MATCH
2025/09/02 04:13:08,10.61.9.5,10.160.40.28,udp,161,NO MATCH
2025/09/02 04:12:54,10.61.9.5,10.160.40.39,tcp,80,NO MATCH
2025/09/02 04:12:53,10.61.9.5,10.160.48.37,udp,161,NO MATCH
2025/09/02 04:12:48,10.61.9.5,10.138.205.231,tcp,443,NO MATCH
2025/09/02 04:12:48,10.61.9.5,10.138.205.231,tcp,443,NO MATCH
2025/09/02 04:12:48,10.61.9.5,10.138.205.231,tcp,443,NO MATCH
2025/09/02 04:12:47,10.61.9.5,10.138.205.231,tcp,443,NO MATCH
2025/09/02 04:12:32,10.61.9.5,10.160.48.38,udp,161,NO MATCH
2025/09/02 04:12:27,10.61.9.5,10.138.205.48,udp,161,NO MATCH
2025/09/02 04:12:14,10.61.9.5,10.160.40.34,udp,161,NO MATCH
2025/09/02 04:12:14,10.61.9.5,10.160.26.35,udp,161,NO MATCH
2025/09/02 04:12:03,10.61.9.5,10.160.40.33,udp,161,NO MATCH
2025/09/02 04:11:53,10.61.9.5,10.160.40.36,tcp,80,NO MATCH
2025/09/02 04:11:44,10.61.9.5,10.160.40.39,udp,161,NO MATCH
2025/09/02 04:11:39,10.61.9.5,10.160.40.30,udp,161,NO MATCH
2025/09/02 04:11:39,10.61.9.5,10.160.40.23,udp,161,NO MATCH
2025/09/02 04:11:27,10.61.9.5,10.160.26.27,udp,161,NO MATCH
2025/09/02 04:10:42,10.61.9.5,10.160.40.26,udp,161,NO MATCH
2025/09/02 04:10:40,10.61.9.5,10.160.40.36,udp,161,NO MATCH
2025/09/02 04:10:36,10.61.9.5,10.138.205.102,udp,161,NO MATCH
2025/09/02 04:10:02,10.61.9.5,10.160.36.24,udp,161,NO MATCH
2025/09/02 04:09:19,10.61.9.5,10.160.26.26,udp,161,NO MATCH
2025/09/02 04:09:06,10.61.9.5,10.160.26.36,udp,161,NO MATCH
2025/09/02 04:08:05,10.61.9.5,10.160.40.29,udp,161,NO MATCH
2025/09/02 04:07:51,10.61.9.5,10.160.36.6,udp,161,NO MATCH
2025/09/02 04:07:48,10.61.9.5,10.160.26.25,udp,161,NO MATCH
2025/09/02 04:07:32,10.61.9.5,10.160.40.25,udp,161,NO MATCH
2025/09/02 04:07:08,10.61.9.5,10.160.26.28,udp,161,NO MATCH
2025/09/02 04:07:07,10.61.9.5,10.160.48.36,udp,161,NO MATCH
2025/09/02 04:06:57,10.61.9.5,10.160.48.35,udp,161,NO MATCH
2025/09/02 03:32:16,10.61.10.16,10.160.36.46,udp,137,NO MATCH
2025/09/02 03:21:13,10.61.9.5,10.160.48.136,tcp,80,NO MATCH
2025/09/02 03:20:29,10.61.9.5,10.160.48.136,udp,161,NO MATCH
2025/09/02 03:19:35,10.61.9.5,10.138.205.90,udp,161,NO MATCH
2025/09/02 03:19:09,10.61.9.5,10.160.40.40,tcp,80,NO MATCH
2025/09/02 03:18:17,10.61.9.5,10.160.32.111,tcp,80,NO MATCH
2025/09/02 03:17:57,10.61.9.5,10.160.40.40,udp,161,NO MATCH
2025/09/02 03:17:31,10.61.9.5,10.160.32.111,udp,161,NO MATCH
2025/09/02 03:17:03,10.61.9.5,10.160.32.147,tcp,80,NO MATCH
2025/09/02 03:16:52,10.61.9.5,10.160.32.146,tcp,80,NO MATCH
2025/09/02 03:16:41,10.61.9.5,10.138.205.108,udp,161,NO MATCH
2025/09/02 03:16:34,10.61.9.5,10.160.26.45,tcp,443,NO MATCH
2025/09/02 03:16:33,10.61.9.5,10.160.36.26,udp,161,NO MATCH
2025/09/02 03:16:29,10.61.9.5,10.160.26.31,udp,161,NO MATCH
2025/09/02 03:16:29,10.61.9.5,10.138.205.238,udp,161,NO MATCH
2025/09/02 03:16:28,10.61.9.5,10.160.26.45,tcp,80,NO MATCH
2025/09/02 03:16:28,10.61.9.5,10.160.32.132,tcp,80,NO MATCH
2025/09/02 03:16:24,10.61.9.5,10.160.36.91,udp,161,NO MATCH
2025/09/02 03:16:18,10.61.9.5,10.160.40.38,tcp,80,NO MATCH
2025/09/02 03:16:14,10.61.9.5,10.160.32.216,udp,161,NO MATCH
2025/09/02 03:16:14,10.61.9.5,10.150.252.240,udp,161,NO MATCH
2025/09/02 03:16:13,10.61.9.5,10.160.40.37,tcp,80,NO MATCH
2025/09/02 03:16:12,10.61.9.5,10.160.40.32,udp,161,NO MATCH
2025/09/02 03:16:07,10.61.9.5,10.150.254.240,tcp,80,NO MATCH
2025/09/02 03:16:03,10.61.9.5,10.138.205.249,udp,161,NO MATCH
2025/09/02 03:16:02,10.61.9.5,10.160.36.23,udp,161,NO MATCH
2025/09/02 03:16:02,10.61.9.5,10.160.36.102,udp,161,NO MATCH
2025/09/02 03:15:53,10.61.9.5,10.150.253.242,tcp,80,NO MATCH
2025/09/02 03:15:51,10.61.9.5,10.160.48.51,tcp,80,NO MATCH
2025/09/02 03:15:51,10.61.9.5,10.150.254.242,udp,161,NO MATCH
2025/09/02 03:15:50,10.61.9.5,10.150.253.244,udp,161,NO MATCH
2025/09/02 03:15:50,10.61.9.5,10.160.36.99,udp,161,NO MATCH
2025/09/02 03:15:49,10.61.9.5,10.160.32.147,udp,161,NO MATCH
2025/09/02 03:15:47,10.61.9.5,10.160.26.43,udp,161,NO MATCH
2025/09/02 03:15:39,10.61.9.5,10.160.32.146,udp,161,NO MATCH
2025/09/02 03:15:37,10.61.9.5,10.138.205.228,udp,161,NO MATCH
2025/09/02 03:15:32,10.61.9.5,10.160.40.31,udp,161,NO MATCH
2025/09/02 03:15:31,10.61.9.5,10.150.252.241,tcp,443,NO MATCH
2025/09/02 03:15:30,10.61.9.5,10.138.205.105,udp,161,NO MATCH
2025/09/02 03:15:27,10.61.9.5,10.150.252.241,tcp,80,NO MATCH
2025/09/02 03:15:26,10.61.9.5,10.138.205.250,tcp,80,NO MATCH
2025/09/02 03:15:25,10.61.9.5,10.160.32.99,udp,161,NO MATCH
2025/09/02 03:15:21,10.61.9.5,10.160.26.32,udp,161,NO MATCH
2025/09/02 03:15:19,10.61.9.5,10.160.32.132,udp,161,NO MATCH
2025/09/02 03:15:17,10.61.9.5,10.138.205.228,tcp,80,NO MATCH
2025/09/02 03:15:16,10.61.9.5,10.160.26.45,udp,161,NO MATCH
2025/09/02 03:15:07,10.61.9.5,10.160.36.101,udp,161,NO MATCH
2025/09/02 03:15:06,10.61.9.5,10.160.36.93,udp,161,NO MATCH
2025/09/02 03:15:06,10.61.9.5,10.138.205.80,udp,161,NO MATCH
2025/09/02 03:15:06,10.61.9.5,10.160.32.135,udp,161,NO MATCH
2025/09/02 03:15:05,10.61.9.5,10.150.252.242,udp,161,NO MATCH
2025/09/02 03:15:04,10.61.9.5,10.138.205.219,udp,161,NO MATCH
2025/09/02 03:15:03,10.61.9.5,10.160.40.38,udp,161,NO MATCH
2025/09/02 03:14:58,10.61.9.5,10.160.40.37,udp,161,NO MATCH
2025/09/02 03:14:57,10.61.9.5,10.160.48.55,udp,161,NO MATCH
2025/09/02 03:14:56,10.61.9.5,10.160.40.21,udp,161,NO MATCH
2025/09/02 03:14:56,10.61.9.5,10.160.40.22,udp,161,NO MATCH
2025/09/02 03:14:54,10.61.9.5,10.160.48.56,udp,161,NO MATCH
2025/09/02 03:14:52,10.61.9.5,10.160.36.86,udp,161,NO MATCH
2025/09/02 03:14:52,10.61.9.5,10.138.205.229,udp,161,NO MATCH
2025/09/02 03:14:52,10.61.9.5,10.150.254.240,udp,161,NO MATCH
2025/09/02 03:14:39,10.61.9.5,10.150.253.242,udp,161,NO MATCH
2025/09/02 03:14:38,10.61.9.5,10.138.205.239,udp,161,NO MATCH
2025/09/02 03:14:33,10.61.9.5,10.150.249.245,udp,161,NO MATCH
2025/09/02 03:14:33,10.61.9.5,10.138.205.229,tcp,80,NO MATCH
2025/09/02 03:14:33,10.61.9.5,10.160.26.44,udp,161,NO MATCH
2025/09/02 03:14:32,10.61.9.5,10.160.48.51,udp,161,NO MATCH
2025/09/02 03:14:16,10.61.9.5,10.138.205.134,udp,161,NO MATCH
2025/09/02 03:14:11,10.61.9.5,10.138.205.250,udp,161,NO MATCH
2025/09/02 03:14:09,10.61.9.5,10.150.252.241,udp,161,NO MATCH
2025/09/02 03:14:07,10.61.9.5,10.160.32.149,udp,161,NO MATCH
2025/09/02 03:14:06,10.61.9.5,10.160.26.46,udp,161,NO MATCH
2025/09/02 03:14:01,10.61.9.5,10.150.254.243,udp,161,NO MATCH
2025/09/02 03:14:00,10.61.9.5,10.160.26.39,udp,161,NO MATCH
2025/09/02 03:13:45,10.61.9.5,10.138.205.107,udp,161,NO MATCH
2025/09/02 03:13:43,10.61.9.5,10.160.32.148,udp,161,NO MATCH
2025/09/02 03:13:40,10.61.9.5,10.160.36.95,udp,161,NO MATCH
2025/09/02 03:13:37,10.61.9.5,10.160.40.24,udp,161,NO MATCH
2025/09/02 03:13:30,10.61.9.5,10.160.48.52,udp,161,NO MATCH
2025/09/02 03:13:28,10.61.9.5,10.160.36.162,udp,161,NO MATCH
2025/09/02 03:13:24,10.61.9.5,10.160.36.160,udp,161,NO MATCH
2025/09/02 03:13:21,10.61.9.5,10.138.205.236,udp,161,NO MATCH
2025/09/02 03:13:19,10.61.9.5,10.160.36.74,udp,161,NO MATCH
2025/09/02 03:13:18,10.61.9.5,10.160.40.27,udp,161,NO MATCH
2025/09/02 03:13:15,10.61.9.5,10.150.253.245,udp,161,NO MATCH
2025/09/02 03:13:02,10.61.9.5,10.138.205.222,udp,161,NO MATCH
2025/09/02 03:12:57,10.61.9.5,10.160.40.28,udp,161,NO MATCH
2025/09/02 03:12:54,10.61.9.5,10.160.32.150,udp,161,NO MATCH
2025/09/02 03:12:52,10.61.9.5,10.138.205.244,udp,161,NO MATCH
2025/09/02 03:12:48,10.61.9.5,10.150.254.250,udp,161,NO MATCH
2025/09/02 03:12:48,10.61.9.5,10.160.40.42,udp,161,NO MATCH
2025/09/02 03:12:48,10.61.9.5,10.150.254.253,udp,161,NO MATCH
2025/09/02 03:12:48,10.61.9.5,10.150.254.249,udp,161,NO MATCH
2025/09/02 03:12:47,10.61.9.5,10.160.32.143,udp,161,NO MATCH
2025/09/02 03:12:46,10.61.9.5,10.160.36.59,udp,161,NO MATCH
2025/09/02 03:12:46,10.61.9.5,10.160.48.37,udp,161,NO MATCH
2025/09/02 03:12:45,10.61.9.5,10.138.205.231,udp,161,NO MATCH
2025/09/02 03:12:45,10.61.9.5,10.150.254.235,udp,161,NO MATCH
2025/09/02 03:12:45,10.61.9.5,10.150.254.241,udp,161,NO MATCH
2025/09/02 03:12:45,10.61.9.5,10.150.254.233,udp,161,NO MATCH
2025/09/02 03:12:45,10.61.9.5,10.150.254.252,udp,161,NO MATCH
2025/09/02 03:12:40,10.61.9.5,10.150.254.246,udp,161,NO MATCH
2025/09/02 03:12:40,10.61.9.5,10.150.254.238,udp,161,NO MATCH
2025/09/02 03:12:40,10.61.9.5,10.150.254.248,udp,161,NO MATCH
2025/09/02 03:12:40,10.61.9.5,10.150.254.251,udp,161,NO MATCH
2025/09/02 03:12:40,10.61.9.5,10.150.254.254,udp,161,NO MATCH
2025/09/02 03:12:40,10.61.9.5,10.150.254.245,udp,161,NO MATCH
2025/09/02 03:12:40,10.61.9.5,10.150.254.232,udp,161,NO MATCH
2025/09/02 03:12:40,10.61.9.5,10.150.254.230,udp,161,NO MATCH
2025/09/02 03:12:40,10.61.9.5,10.150.254.237,udp,161,NO MATCH
2025/09/02 03:12:40,10.61.9.5,10.150.254.234,udp,161,NO MATCH
2025/09/02 03:12:40,10.61.9.5,10.150.254.239,udp,161,NO MATCH
2025/09/02 03:12:39,10.61.9.5,10.150.254.236,udp,161,NO MATCH
2025/09/02 03:12:39,10.61.9.5,10.150.254.225,udp,161,NO MATCH
2025/09/02 03:12:39,10.61.9.5,10.150.254.221,udp,161,NO MATCH
2025/09/02 03:12:39,10.61.9.5,10.150.254.223,udp,161,NO MATCH
2025/09/02 03:12:39,10.61.9.5,10.150.254.224,udp,161,NO MATCH
2025/09/02 03:12:39,10.61.9.5,10.150.254.247,udp,161,NO MATCH
2025/09/02 03:12:39,10.61.9.5,10.150.254.222,udp,161,NO MATCH
2025/09/02 03:12:39,10.61.9.5,10.150.254.244,udp,161,NO MATCH
2025/09/02 03:12:39,10.61.9.5,10.150.254.220,udp,161,NO MATCH
2025/09/02 03:12:39,10.61.9.5,10.150.254.215,udp,161,NO MATCH
2025/09/02 03:12:38,10.61.9.5,10.150.254.226,udp,161,NO MATCH
2025/09/02 03:12:38,10.61.9.5,10.150.254.212,udp,161,NO MATCH
2025/09/02 03:12:38,10.61.9.5,10.138.205.225,udp,161,NO MATCH
2025/09/02 03:12:38,10.61.9.5,10.150.254.205,udp,161,NO MATCH
2025/09/02 03:12:38,10.61.9.5,10.150.254.218,udp,161,NO MATCH
2025/09/02 03:12:38,10.61.9.5,10.150.254.229,udp,161,NO MATCH
2025/09/02 03:12:38,10.61.9.5,10.150.254.211,udp,161,NO MATCH
2025/09/02 03:12:38,10.61.9.5,10.150.254.209,udp,161,NO MATCH
2025/09/02 03:12:38,10.61.9.5,10.150.254.210,udp,161,NO MATCH
2025/09/02 03:12:38,10.61.9.5,10.150.254.231,udp,161,NO MATCH
2025/09/02 03:12:38,10.61.9.5,10.150.254.227,udp,161,NO MATCH
2025/09/02 03:12:38,10.61.9.5,10.150.254.228,udp,161,NO MATCH
2025/09/02 03:12:38,10.61.9.5,10.150.254.213,udp,161,NO MATCH
2025/09/02 03:12:38,10.61.9.5,10.150.254.214,udp,161,NO MATCH
2025/09/02 03:12:38,10.61.9.5,10.150.254.204,udp,161,NO MATCH
2025/09/02 03:12:38,10.61.9.5,10.150.254.216,udp,161,NO MATCH
2025/09/02 03:12:38,10.61.9.5,10.150.254.206,udp,161,NO MATCH
2025/09/02 03:12:38,10.61.9.5,10.150.254.219,udp,161,NO MATCH
2025/09/02 03:12:38,10.61.9.5,10.150.254.217,udp,161,NO MATCH
2025/09/02 03:12:37,10.61.9.5,10.160.32.145,udp,161,NO MATCH
2025/09/02 03:12:37,10.61.9.5,10.160.36.53,udp,161,NO MATCH
2025/09/02 03:12:35,10.61.9.5,10.150.254.207,udp,161,NO MATCH
2025/09/02 03:12:35,10.61.9.5,10.150.254.208,udp,161,NO MATCH
2025/09/02 03:12:35,10.61.9.5,10.150.254.203,udp,161,NO MATCH
2025/09/02 03:12:29,10.61.9.5,10.150.254.188,udp,161,NO MATCH
2025/09/02 03:12:29,10.61.9.5,10.150.254.193,udp,161,NO MATCH
2025/09/02 03:12:29,10.61.9.5,10.150.254.187,udp,161,NO MATCH
2025/09/02 03:12:28,10.61.9.5,10.150.254.195,udp,161,NO MATCH
2025/09/02 03:12:28,10.61.9.5,10.150.254.202,udp,161,NO MATCH
2025/09/02 03:12:28,10.61.9.5,10.150.254.192,udp,161,NO MATCH
2025/09/02 03:12:28,10.61.9.5,10.150.254.201,udp,161,NO MATCH
2025/09/02 03:12:28,10.61.9.5,10.150.254.199,udp,161,NO MATCH
2025/09/02 03:12:28,10.61.9.5,10.150.254.200,udp,161,NO MATCH
2025/09/02 03:12:28,10.61.9.5,10.150.254.185,udp,161,NO MATCH
2025/09/02 03:12:28,10.61.9.5,10.150.254.194,udp,161,NO MATCH
2025/09/02 03:12:28,10.61.9.5,10.150.254.186,udp,161,NO MATCH
2025/09/02 03:12:28,10.61.9.5,10.150.254.189,udp,161,NO MATCH
2025/09/02 03:12:28,10.61.9.5,10.150.254.196,udp,161,NO MATCH
2025/09/02 03:12:28,10.61.9.5,10.150.254.198,udp,161,NO MATCH
2025/09/02 03:12:28,10.61.9.5,10.150.254.191,udp,161,NO MATCH
2025/09/02 03:12:28,10.61.9.5,10.150.254.197,udp,161,NO MATCH
2025/09/02 03:12:27,10.61.9.5,10.150.254.190,udp,161,NO MATCH
2025/09/02 03:12:27,10.61.9.5,10.160.40.39,tcp,80,NO MATCH
2025/09/02 03:12:26,10.61.9.5,10.160.48.38,udp,161,NO MATCH
2025/09/02 03:12:25,10.61.9.5,10.160.40.65,udp,161,NO MATCH
2025/09/02 03:12:24,10.61.9.5,10.138.205.231,tcp,443,NO MATCH
2025/09/02 03:12:24,10.61.9.5,10.138.205.231,tcp,443,NO MATCH
2025/09/02 03:12:24,10.61.9.5,10.138.205.231,tcp,443,NO MATCH
2025/09/02 03:12:23,10.61.9.5,10.138.205.231,tcp,443,NO MATCH
2025/09/02 03:12:18,10.61.9.5,10.150.254.242,udp,161,NO MATCH
2025/09/02 03:12:17,10.61.9.5,10.150.254.179,udp,161,NO MATCH
2025/09/02 03:12:17,10.61.9.5,10.150.254.181,udp,161,NO MATCH
2025/09/02 03:12:17,10.61.9.5,10.150.254.240,udp,161,NO MATCH
2025/09/02 03:12:17,10.61.9.5,10.150.254.243,udp,161,NO MATCH
2025/09/02 03:12:17,10.61.9.5,10.150.254.183,udp,161,NO MATCH
2025/09/02 03:12:17,10.61.9.5,10.150.254.184,udp,161,NO MATCH
2025/09/02 03:12:15,10.61.9.5,10.160.32.144,udp,161,NO MATCH
2025/09/02 03:12:14,10.61.9.5,10.138.205.48,udp,161,NO MATCH
2025/09/02 03:12:14,10.61.9.5,10.150.254.182,udp,161,NO MATCH
2025/09/02 03:12:14,10.61.9.5,10.150.254.180,udp,161,NO MATCH
2025/09/02 03:12:13,10.61.9.5,10.138.205.230,udp,161,NO MATCH
2025/09/02 03:12:09,10.61.9.5,10.150.254.172,udp,161,NO MATCH
2025/09/02 03:12:08,10.61.9.5,10.150.254.159,udp,161,NO MATCH
2025/09/02 03:12:08,10.61.9.5,10.150.253.246,udp,161,NO MATCH
2025/09/02 03:12:08,10.61.9.5,10.150.254.166,udp,161,NO MATCH
2025/09/02 03:12:08,10.61.9.5,10.150.254.165,udp,161,NO MATCH
2025/09/02 03:12:07,10.61.9.5,10.150.254.158,udp,161,NO MATCH
2025/09/02 03:12:07,10.61.9.5,10.150.254.178,udp,161,NO MATCH
2025/09/02 03:12:06,10.61.9.5,10.150.254.170,udp,161,NO MATCH
2025/09/02 03:12:06,10.61.9.5,10.150.254.161,udp,161,NO MATCH
2025/09/02 03:12:06,10.61.9.5,10.150.254.169,udp,161,NO MATCH
2025/09/02 03:12:06,10.61.9.5,10.150.254.173,udp,161,NO MATCH
2025/09/02 03:12:06,10.61.9.5,10.150.254.175,udp,161,NO MATCH
2025/09/02 03:12:06,10.61.9.5,10.150.254.171,udp,161,NO MATCH
2025/09/02 03:12:06,10.61.9.5,10.150.254.154,udp,161,NO MATCH
2025/09/02 03:12:06,10.61.9.5,10.150.254.157,udp,161,NO MATCH
2025/09/02 03:12:06,10.61.9.5,10.150.254.174,udp,161,NO MATCH
2025/09/02 03:12:06,10.61.9.5,10.150.254.177,udp,161,NO MATCH
2025/09/02 03:12:06,10.61.9.5,10.150.254.164,udp,161,NO MATCH
2025/09/02 03:12:06,10.61.9.5,10.150.254.155,udp,161,NO MATCH
2025/09/02 03:12:06,10.61.9.5,10.150.254.156,udp,161,NO MATCH
2025/09/02 03:12:06,10.61.9.5,10.150.254.146,udp,161,NO MATCH
2025/09/02 03:12:06,10.61.9.5,10.150.254.176,udp,161,NO MATCH
2025/09/02 03:12:06,10.61.9.5,10.150.254.148,udp,161,NO MATCH
2025/09/02 03:12:06,10.61.9.5,10.150.254.150,udp,161,NO MATCH
2025/09/02 03:12:06,10.61.9.5,10.150.254.163,udp,161,NO MATCH
2025/09/02 03:12:06,10.61.9.5,10.150.254.152,udp,161,NO MATCH
2025/09/02 03:12:06,10.61.9.5,10.150.254.160,udp,161,NO MATCH
2025/09/02 03:12:06,10.61.9.5,10.150.254.162,udp,161,NO MATCH
2025/09/02 03:12:06,10.61.9.5,10.150.254.151,udp,161,NO MATCH
2025/09/02 03:12:06,10.61.9.5,10.150.254.147,udp,161,NO MATCH
2025/09/02 03:12:05,10.61.9.5,10.150.254.168,udp,161,NO MATCH
2025/09/02 03:12:05,10.61.9.5,10.150.254.167,udp,161,NO MATCH
2025/09/02 03:12:05,10.61.9.5,10.150.254.153,udp,161,NO MATCH
2025/09/02 03:12:05,10.61.9.5,10.150.254.149,udp,161,NO MATCH
2025/09/02 03:12:05,10.61.9.5,10.150.254.133,udp,161,NO MATCH
2025/09/02 03:12:05,10.61.9.5,10.150.254.135,udp,161,NO MATCH
2025/09/02 03:12:05,10.61.9.5,10.150.254.142,udp,161,NO MATCH
2025/09/02 03:12:02,10.61.9.5,10.160.40.34,udp,161,NO MATCH
2025/09/02 03:12:01,10.61.9.5,10.150.254.141,udp,161,NO MATCH
2025/09/02 03:12:01,10.61.9.5,10.150.254.144,udp,161,NO MATCH
2025/09/02 03:12:01,10.61.9.5,10.150.254.145,udp,161,NO MATCH
2025/09/02 03:12:01,10.61.9.5,10.150.254.134,udp,161,NO MATCH
2025/09/02 03:11:56,10.61.9.5,10.150.254.130,udp,161,NO MATCH
2025/09/02 03:11:55,10.61.9.5,10.150.254.115,udp,161,NO MATCH
2025/09/02 03:11:55,10.61.9.5,10.150.254.139,udp,161,NO MATCH
2025/09/02 03:11:55,10.61.9.5,10.150.254.116,udp,161,NO MATCH
2025/09/02 03:11:55,10.61.9.5,10.150.254.131,udp,161,NO MATCH
2025/09/02 03:11:55,10.61.9.5,10.150.249.12,udp,161,NO MATCH
2025/09/02 03:11:55,10.61.9.5,10.150.254.137,udp,161,NO MATCH
2025/09/02 03:11:55,10.61.9.5,10.150.254.140,udp,161,NO MATCH
2025/09/02 03:11:55,10.61.9.5,10.150.254.128,udp,161,NO MATCH
2025/09/02 03:11:55,10.61.9.5,10.150.254.143,udp,161,NO MATCH
2025/09/02 03:11:55,10.61.9.5,10.150.254.121,udp,161,NO MATCH
2025/09/02 03:11:55,10.61.9.5,10.150.254.125,udp,161,NO MATCH
2025/09/02 03:11:55,10.61.9.5,10.150.254.138,udp,161,NO MATCH
2025/09/02 03:11:55,10.61.9.5,10.150.254.132,udp,161,NO MATCH
2025/09/02 03:11:55,10.61.9.5,10.150.254.122,udp,161,NO MATCH
2025/09/02 03:11:55,10.61.9.5,10.150.254.120,udp,161,NO MATCH
2025/09/02 03:11:55,10.61.9.5,10.150.254.136,udp,161,NO MATCH
2025/09/02 03:11:55,10.61.9.5,10.150.254.126,udp,161,NO MATCH
2025/09/02 03:11:55,10.61.9.5,10.160.36.190,udp,161,NO MATCH
2025/09/02 03:11:54,10.61.9.5,10.150.254.124,udp,161,NO MATCH
2025/09/02 03:11:54,10.61.9.5,10.150.254.118,udp,161,NO MATCH
2025/09/02 03:11:54,10.61.9.5,10.150.254.127,udp,161,NO MATCH
2025/09/02 03:11:54,10.61.9.5,10.150.254.117,udp,161,NO MATCH
2025/09/02 03:11:54,10.61.9.5,10.150.254.119,udp,161,NO MATCH
2025/09/02 03:11:54,10.61.9.5,10.150.254.129,udp,161,NO MATCH
2025/09/02 03:11:54,10.61.9.5,10.150.254.123,udp,161,NO MATCH
2025/09/02 03:11:52,10.61.9.5,10.160.32.140,udp,161,NO MATCH
2025/09/02 03:11:51,10.61.9.5,10.160.40.33,udp,161,NO MATCH
2025/09/02 03:11:49,10.61.9.5,10.150.254.109,udp,161,NO MATCH
2025/09/02 03:11:46,10.61.9.5,10.150.254.111,udp,161,NO MATCH
2025/09/02 03:11:45,10.61.9.5,10.150.254.108,udp,161,NO MATCH
2025/09/02 03:11:45,10.61.9.5,10.150.254.105,udp,161,NO MATCH
2025/09/02 03:11:45,10.61.9.5,10.150.254.88,udp,161,NO MATCH
2025/09/02 03:11:45,10.61.9.5,10.150.254.107,udp,161,NO MATCH
2025/09/02 03:11:45,10.61.9.5,10.150.254.104,udp,161,NO MATCH
2025/09/02 03:11:45,10.61.9.5,10.150.254.89,udp,161,NO MATCH
2025/09/02 03:11:45,10.61.9.5,10.150.254.90,udp,161,NO MATCH
2025/09/02 03:11:45,10.61.9.5,10.150.254.98,udp,161,NO MATCH
2025/09/02 03:11:45,10.61.9.5,10.150.254.110,udp,161,NO MATCH
2025/09/02 03:11:45,10.61.9.5,10.150.254.112,udp,161,NO MATCH
2025/09/02 03:11:45,10.61.9.5,10.150.254.106,udp,161,NO MATCH
2025/09/02 03:11:45,10.61.9.5,10.150.254.114,udp,161,NO MATCH
2025/09/02 03:11:45,10.61.9.5,10.150.254.113,udp,161,NO MATCH
2025/09/02 03:11:45,10.61.9.5,10.150.254.94,udp,161,NO MATCH
2025/09/02 03:11:44,10.61.9.5,10.150.254.101,udp,161,NO MATCH
2025/09/02 03:11:44,10.61.9.5,10.150.254.103,udp,161,NO MATCH
2025/09/02 03:11:44,10.61.9.5,10.150.254.95,udp,161,NO MATCH
2025/09/02 03:11:44,10.61.9.5,10.150.254.102,udp,161,NO MATCH
2025/09/02 03:11:44,10.61.9.5,10.150.254.93,udp,161,NO MATCH
2025/09/02 03:11:44,10.61.9.5,10.150.254.87,udp,161,NO MATCH
2025/09/02 03:11:44,10.61.9.5,10.150.254.97,udp,161,NO MATCH
2025/09/02 03:11:44,10.61.9.5,10.150.254.100,udp,161,NO MATCH
2025/09/02 03:11:44,10.61.9.5,10.150.254.96,udp,161,NO MATCH
2025/09/02 03:11:44,10.61.9.5,10.138.205.237,udp,161,NO MATCH
2025/09/02 03:11:44,10.61.9.5,10.150.254.99,udp,161,NO MATCH
2025/09/02 03:11:44,10.61.9.5,10.150.254.91,udp,161,NO MATCH
2025/09/02 03:11:44,10.61.9.5,10.150.254.92,udp,161,NO MATCH
2025/09/02 03:11:38,10.61.9.5,10.160.26.35,udp,161,NO MATCH
2025/09/02 03:11:35,10.61.9.5,10.150.254.85,udp,161,NO MATCH
2025/09/02 03:11:35,10.61.9.5,10.150.254.78,udp,161,NO MATCH
2025/09/02 03:11:35,10.61.9.5,10.150.254.86,udp,161,NO MATCH
2025/09/02 03:11:35,10.61.9.5,10.150.254.81,udp,161,NO MATCH
2025/09/02 03:11:34,10.61.9.5,10.150.254.82,udp,161,NO MATCH
2025/09/02 03:11:34,10.61.9.5,10.150.254.75,udp,161,NO MATCH
2025/09/02 03:11:34,10.61.9.5,10.150.254.73,udp,161,NO MATCH
2025/09/02 03:11:34,10.61.9.5,10.150.254.72,udp,161,NO MATCH
2025/09/02 03:11:34,10.61.9.5,10.150.254.67,udp,161,NO MATCH
2025/09/02 03:11:34,10.61.9.5,10.150.254.80,udp,161,NO MATCH
2025/09/02 03:11:34,10.61.9.5,10.150.254.74,udp,161,NO MATCH
2025/09/02 03:11:34,10.61.9.5,10.150.254.68,udp,161,NO MATCH
2025/09/02 03:11:34,10.61.9.5,10.150.254.76,udp,161,NO MATCH
2025/09/02 03:11:34,10.61.9.5,10.150.254.84,udp,161,NO MATCH
2025/09/02 03:11:34,10.61.9.5,10.150.254.71,udp,161,NO MATCH
2025/09/02 03:11:34,10.61.9.5,10.150.254.79,udp,161,NO MATCH
2025/09/02 03:11:33,10.61.9.5,10.150.254.77,udp,161,NO MATCH
2025/09/02 03:11:26,10.61.9.5,10.160.40.23,udp,161,NO MATCH
2025/09/02 03:11:25,10.61.9.5,10.150.254.70,udp,161,NO MATCH
2025/09/02 03:11:25,10.61.9.5,10.150.254.69,udp,161,NO MATCH
2025/09/02 03:11:25,10.61.9.5,10.150.254.66,udp,161,NO MATCH
2025/09/02 03:11:24,10.61.9.5,10.150.254.60,udp,161,NO MATCH
2025/09/02 03:11:24,10.61.9.5,10.150.254.62,udp,161,NO MATCH
2025/09/02 03:11:24,10.61.9.5,10.150.254.61,udp,161,NO MATCH
2025/09/02 03:11:24,10.61.9.5,10.138.205.103,udp,161,NO MATCH
2025/09/02 03:11:24,10.61.9.5,10.150.254.63,udp,161,NO MATCH
2025/09/02 03:11:24,10.61.9.5,10.150.254.55,udp,161,NO MATCH
2025/09/02 03:11:24,10.61.9.5,10.150.254.65,udp,161,NO MATCH
2025/09/02 03:11:24,10.61.9.5,10.150.254.64,udp,161,NO MATCH
2025/09/02 03:11:24,10.61.9.5,10.150.254.57,udp,161,NO MATCH
2025/09/02 03:11:24,10.61.9.5,10.150.254.47,udp,161,NO MATCH
2025/09/02 03:11:24,10.61.9.5,10.150.254.54,udp,161,NO MATCH
2025/09/02 03:11:23,10.61.9.5,10.150.254.45,udp,161,NO MATCH
2025/09/02 03:11:23,10.61.9.5,10.150.254.36,udp,161,NO MATCH
2025/09/02 03:11:23,10.61.9.5,10.150.254.41,udp,161,NO MATCH
2025/09/02 03:11:23,10.61.9.5,10.150.254.44,udp,161,NO MATCH
2025/09/02 03:11:23,10.61.9.5,10.150.254.51,udp,161,NO MATCH
2025/09/02 03:11:23,10.61.9.5,10.150.254.59,udp,161,NO MATCH
2025/09/02 03:11:23,10.61.9.5,10.150.254.48,udp,161,NO MATCH
2025/09/02 03:11:23,10.61.9.5,10.150.254.52,udp,161,NO MATCH
2025/09/02 03:11:23,10.61.9.5,10.150.254.53,udp,161,NO MATCH
2025/09/02 03:11:23,10.61.9.5,10.150.254.49,udp,161,NO MATCH
2025/09/02 03:11:23,10.61.9.5,10.150.254.56,udp,161,NO MATCH
2025/09/02 03:11:23,10.61.9.5,10.150.254.40,udp,161,NO MATCH
2025/09/02 03:11:23,10.61.9.5,10.150.254.58,udp,161,NO MATCH
2025/09/02 03:11:21,10.61.9.5,10.160.26.27,udp,161,NO MATCH
2025/09/02 03:11:19,10.61.9.5,10.160.40.36,tcp,80,NO MATCH
2025/09/02 03:11:15,10.61.9.5,10.150.254.35,udp,161,NO MATCH
2025/09/02 03:11:15,10.61.9.5,10.150.254.28,udp,161,NO MATCH
2025/09/02 03:11:15,10.61.9.5,10.150.254.32,udp,161,NO MATCH
2025/09/02 03:11:15,10.61.9.5,10.150.254.29,udp,161,NO MATCH
2025/09/02 03:11:15,10.61.9.5,10.150.254.50,udp,161,NO MATCH
2025/09/02 03:11:15,10.61.9.5,10.150.254.42,udp,161,NO MATCH
2025/09/02 03:11:15,10.61.9.5,10.150.254.38,udp,161,NO MATCH
2025/09/02 03:11:15,10.61.9.5,10.150.254.39,udp,161,NO MATCH
2025/09/02 03:11:15,10.61.9.5,10.150.254.30,udp,161,NO MATCH
2025/09/02 03:11:15,10.61.9.5,10.150.254.37,udp,161,NO MATCH
2025/09/02 03:11:15,10.61.9.5,10.150.254.33,udp,161,NO MATCH
2025/09/02 03:11:15,10.61.9.5,10.150.254.27,udp,161,NO MATCH
2025/09/02 03:11:15,10.61.9.5,10.150.254.43,udp,161,NO MATCH
2025/09/02 03:11:15,10.61.9.5,10.150.254.46,udp,161,NO MATCH
2025/09/02 03:11:14,10.61.9.5,10.150.254.83,udp,161,NO MATCH
2025/09/02 03:11:14,10.61.9.5,10.150.254.25,udp,161,NO MATCH
2025/09/02 03:11:13,10.61.9.5,10.150.254.15,udp,161,NO MATCH
2025/09/02 03:11:13,10.61.9.5,10.150.254.2,udp,161,NO MATCH
2025/09/02 03:11:13,10.61.9.5,10.150.254.24,udp,161,NO MATCH
2025/09/02 03:11:13,10.61.9.5,10.150.254.26,udp,161,NO MATCH
2025/09/02 03:11:13,10.61.9.5,10.150.254.20,udp,161,NO MATCH
2025/09/02 03:11:13,10.61.9.5,10.150.254.21,udp,161,NO MATCH
2025/09/02 03:11:13,10.61.9.5,10.150.254.19,udp,161,NO MATCH
2025/09/02 03:11:13,10.61.9.5,10.150.254.9,udp,161,NO MATCH
2025/09/02 03:11:13,10.61.9.5,10.150.254.34,udp,161,NO MATCH
2025/09/02 03:11:13,10.61.9.5,10.150.254.31,udp,161,NO MATCH
2025/09/02 03:11:13,10.61.9.5,10.150.254.23,udp,161,NO MATCH
2025/09/02 03:11:13,10.61.9.5,10.160.40.39,udp,161,NO MATCH
2025/09/02 03:11:13,10.61.9.5,10.150.254.18,udp,161,NO MATCH
2025/09/02 03:11:13,10.61.9.5,10.150.254.10,udp,161,NO MATCH
2025/09/02 03:11:13,10.61.9.5,10.150.254.14,udp,161,NO MATCH
2025/09/02 03:11:13,10.61.9.5,10.150.254.13,udp,161,NO MATCH
2025/09/02 03:11:13,10.61.9.5,10.150.254.16,udp,161,NO MATCH
2025/09/02 03:11:13,10.61.9.5,10.160.48.57,udp,161,NO MATCH
2025/09/02 03:11:13,10.61.9.5,10.150.254.5,udp,161,NO MATCH
2025/09/02 03:11:13,10.61.9.5,10.150.254.11,udp,161,NO MATCH
2025/09/02 03:11:12,10.61.9.5,10.150.254.8,udp,161,NO MATCH
2025/09/02 03:11:12,10.61.9.5,10.150.254.4,udp,161,NO MATCH
2025/09/02 03:11:12,10.61.9.5,10.150.254.22,udp,161,NO MATCH
2025/09/02 03:11:12,10.61.9.5,10.150.254.17,udp,161,NO MATCH
2025/09/02 03:11:12,10.61.9.5,10.150.254.6,udp,161,NO MATCH
2025/09/02 03:11:12,10.61.9.5,10.150.254.7,udp,161,NO MATCH
2025/09/02 03:11:12,10.61.9.5,10.150.254.1,udp,161,NO MATCH
2025/09/02 03:11:12,10.61.9.5,10.150.254.3,udp,161,NO MATCH
2025/09/02 03:11:12,10.61.9.5,10.150.254.12,udp,161,NO MATCH
2025/09/02 03:11:10,10.61.9.5,10.160.36.176,udp,161,NO MATCH
2025/09/02 03:11:06,10.61.9.5,10.160.40.30,udp,161,NO MATCH
2025/09/02 03:11:05,10.61.9.5,10.160.36.174,udp,161,NO MATCH
2025/09/02 03:11:02,10.61.9.5,10.160.36.32,udp,161,NO MATCH
2025/09/02 03:11:00,10.61.9.5,10.138.205.247,udp,161,NO MATCH
2025/09/02 03:10:59,10.61.9.5,10.160.36.157,udp,161,NO MATCH
2025/09/02 03:10:56,10.61.9.5,10.160.32.151,udp,161,NO MATCH
2025/09/02 03:10:40,10.61.9.5,10.150.254.83,udp,161,NO MATCH
2025/09/02 03:10:39,10.61.9.5,10.160.36.76,udp,161,NO MATCH
2025/09/02 03:10:39,10.61.9.5,10.160.32.55,udp,161,NO MATCH
2025/09/02 03:10:32,10.61.9.5,10.160.36.61,udp,161,NO MATCH
2025/09/02 03:10:31,10.61.9.5,10.138.205.102,udp,161,NO MATCH
2025/09/02 03:10:31,10.61.9.5,10.160.40.26,udp,161,NO MATCH
2025/09/02 03:10:27,10.61.9.5,10.150.253.243,udp,161,NO MATCH
2025/09/02 03:10:17,10.61.9.5,10.160.26.33,udp,161,NO MATCH
2025/09/02 03:10:17,10.61.9.5,10.150.250.241,udp,161,NO MATCH
2025/09/02 03:10:16,10.61.9.5,10.138.205.240,udp,161,NO MATCH
2025/09/02 03:10:12,10.61.9.5,10.160.40.36,udp,161,NO MATCH
2025/09/02 03:10:09,10.61.9.5,10.138.205.253,udp,161,NO MATCH
2025/09/02 03:10:09,10.61.9.5,10.150.249.242,udp,161,NO MATCH
2025/09/02 03:10:09,10.61.9.5,10.138.205.223,udp,161,NO MATCH
2025/09/02 03:10:06,10.61.9.5,10.138.205.251,udp,161,NO MATCH
2025/09/02 03:10:05,10.61.9.5,10.138.205.133,udp,161,NO MATCH
2025/09/02 03:09:39,10.61.9.5,10.160.36.84,udp,161,NO MATCH
2025/09/02 03:09:39,10.61.9.5,10.160.36.87,udp,161,NO MATCH
2025/09/02 03:09:38,10.61.9.5,10.138.205.252,udp,161,NO MATCH
2025/09/02 03:09:28,10.61.9.5,10.150.249.241,udp,161,NO MATCH
2025/09/02 03:09:26,10.61.9.5,10.160.36.24,udp,161,NO MATCH
2025/09/02 03:09:15,10.61.9.5,10.160.26.26,udp,161,NO MATCH
2025/09/02 03:09:04,10.61.9.5,10.160.48.54,udp,161,NO MATCH
2025/09/02 03:09:03,10.61.9.5,10.160.26.38,udp,161,NO MATCH
2025/09/02 03:09:03,10.61.9.5,10.160.36.69,udp,161,NO MATCH
2025/09/02 03:09:02,10.61.9.5,10.160.48.53,udp,161,NO MATCH
2025/09/02 03:09:01,10.61.9.5,10.160.36.50,udp,161,NO MATCH
2025/09/02 03:09:01,10.61.9.5,10.160.40.43,udp,161,NO MATCH
2025/09/02 03:09:00,10.61.9.5,10.160.32.98,udp,161,NO MATCH
2025/09/02 03:08:58,10.61.9.5,10.150.249.244,udp,161,NO MATCH
2025/09/02 03:08:57,10.61.9.5,10.160.48.62,udp,161,NO MATCH
2025/09/02 03:08:56,10.61.9.5,10.150.249.240,udp,161,NO MATCH
2025/09/02 03:08:47,10.61.9.5,10.150.249.243,udp,161,NO MATCH
2025/09/02 03:08:47,10.61.9.5,10.160.40.35,udp,161,NO MATCH
2025/09/02 03:08:45,10.61.9.5,10.160.36.88,udp,161,NO MATCH
2025/09/02 03:08:37,10.61.9.5,10.160.26.36,udp,161,NO MATCH
2025/09/02 03:08:28,10.61.9.5,10.160.36.60,udp,161,NO MATCH
2025/09/02 03:08:24,10.61.9.5,10.160.36.75,udp,161,NO MATCH
2025/09/02 03:08:24,10.61.9.5,10.160.36.62,udp,161,NO MATCH
2025/09/02 03:08:12,10.61.9.5,10.150.253.241,udp,161,NO MATCH
2025/09/02 03:08:10,10.61.9.5,10.160.33.6,udp,161,NO MATCH
2025/09/02 03:07:56,10.61.9.5,10.160.40.29,udp,161,NO MATCH
2025/09/02 03:07:47,10.61.9.5,10.160.26.25,udp,161,NO MATCH
2025/09/02 03:07:27,10.61.9.5,10.160.36.6,udp,161,NO MATCH
2025/09/02 03:07:18,10.61.9.5,10.160.40.25,udp,161,NO MATCH
2025/09/02 03:07:00,10.61.9.5,10.160.48.36,udp,161,NO MATCH
2025/09/02 03:07:00,10.61.9.5,10.160.26.28,udp,161,NO MATCH
2025/09/02 03:06:50,10.61.9.5,10.160.48.35,udp,161,NO MATCH
2025/09/02 02:44:45,10.61.9.5,10.150.252.254,udp,161,NO MATCH
2025/09/02 02:44:45,10.61.9.5,10.150.252.252,udp,161,NO MATCH
2025/09/02 02:44:45,10.61.9.5,10.150.252.251,udp,161,NO MATCH
2025/09/02 02:44:45,10.61.9.5,10.150.252.253,udp,161,NO MATCH
2025/09/02 02:44:44,10.61.9.5,10.150.252.249,udp,161,NO MATCH
2025/09/02 02:44:44,10.61.9.5,10.150.252.248,udp,161,NO MATCH
2025/09/02 02:44:44,10.61.9.5,10.150.252.237,udp,161,NO MATCH
2025/09/02 02:44:44,10.61.9.5,10.150.252.245,udp,161,NO MATCH
2025/09/02 02:44:44,10.61.9.5,10.150.252.250,udp,161,NO MATCH
2025/09/02 02:44:44,10.61.9.5,10.150.252.247,udp,161,NO MATCH
2025/09/02 02:44:44,10.61.9.5,10.150.252.233,udp,161,NO MATCH
2025/09/02 02:44:43,10.61.9.5,10.150.252.234,udp,161,NO MATCH
2025/09/02 02:44:43,10.61.9.5,10.150.252.232,udp,161,NO MATCH
2025/09/02 02:44:43,10.61.9.5,10.150.252.235,udp,161,NO MATCH
2025/09/02 02:44:43,10.61.9.5,10.150.252.238,udp,161,NO MATCH
2025/09/02 02:44:43,10.61.9.5,10.150.252.246,udp,161,NO MATCH
2025/09/02 02:44:43,10.61.9.5,10.150.252.239,udp,161,NO MATCH
2025/09/02 02:44:43,10.61.9.5,10.150.252.243,udp,161,NO MATCH
2025/09/02 02:44:43,10.61.9.5,10.150.252.244,udp,161,NO MATCH
2025/09/02 02:44:42,10.61.9.5,10.150.252.236,udp,161,NO MATCH
2025/09/02 02:44:42,10.61.9.5,10.150.252.231,udp,161,NO MATCH
2025/09/02 02:44:38,10.61.9.5,10.150.252.230,udp,161,NO MATCH
2025/09/02 02:44:37,10.61.9.5,10.150.252.224,udp,161,NO MATCH
2025/09/02 02:44:37,10.61.9.5,10.150.252.228,udp,161,NO MATCH
2025/09/02 02:44:37,10.61.9.5,10.150.252.223,udp,161,NO MATCH
2025/09/02 02:44:37,10.61.9.5,10.150.252.220,udp,161,NO MATCH
2025/09/02 02:44:37,10.61.9.5,10.150.252.229,udp,161,NO MATCH
2025/09/02 02:44:37,10.61.9.5,10.150.252.225,udp,161,NO MATCH
2025/09/02 02:44:37,10.61.9.5,10.150.252.221,udp,161,NO MATCH
2025/09/02 02:44:37,10.61.9.5,10.150.252.226,udp,161,NO MATCH
2025/09/02 02:44:37,10.61.9.5,10.150.252.222,udp,161,NO MATCH
2025/09/02 02:44:37,10.61.9.5,10.150.252.227,udp,161,NO MATCH
2025/09/02 02:44:35,10.61.9.5,10.150.252.218,udp,161,NO MATCH
2025/09/02 02:44:35,10.61.9.5,10.150.252.219,udp,161,NO MATCH
2025/09/02 02:44:34,10.61.9.5,10.150.252.217,udp,161,NO MATCH
2025/09/02 02:44:33,10.61.9.5,10.150.252.216,udp,161,NO MATCH
2025/09/02 02:44:32,10.61.9.5,10.150.252.215,udp,161,NO MATCH
2025/09/02 02:44:31,10.61.9.5,10.150.252.214,udp,161,NO MATCH
2025/09/02 02:44:29,10.61.9.5,10.150.252.213,udp,161,NO MATCH
2025/09/02 02:44:28,10.61.9.5,10.150.252.212,udp,161,NO MATCH
2025/09/02 02:44:27,10.61.9.5,10.150.252.205,udp,161,NO MATCH
2025/09/02 02:44:27,10.61.9.5,10.150.252.210,udp,161,NO MATCH
2025/09/02 02:44:27,10.61.9.5,10.150.252.209,udp,161,NO MATCH
2025/09/02 02:44:27,10.61.9.5,10.150.252.211,udp,161,NO MATCH
2025/09/02 02:44:27,10.61.9.5,10.150.252.203,udp,161,NO MATCH
2025/09/02 02:44:27,10.61.9.5,10.150.252.202,udp,161,NO MATCH
2025/09/02 02:44:27,10.61.9.5,10.150.252.208,udp,161,NO MATCH
2025/09/02 02:44:27,10.61.9.5,10.150.252.206,udp,161,NO MATCH
2025/09/02 02:44:27,10.61.9.5,10.150.252.207,udp,161,NO MATCH
2025/09/02 02:44:27,10.61.9.5,10.150.252.204,udp,161,NO MATCH
2025/09/02 02:44:26,10.61.9.5,10.150.252.201,udp,161,NO MATCH
2025/09/02 02:44:24,10.61.9.5,10.150.252.199,udp,161,NO MATCH
2025/09/02 02:44:24,10.61.9.5,10.150.252.200,udp,161,NO MATCH
2025/09/02 02:44:21,10.61.9.5,10.150.252.196,udp,161,NO MATCH
2025/09/02 02:44:21,10.61.9.5,10.150.252.242,udp,161,NO MATCH
2025/09/02 02:44:21,10.61.9.5,10.150.252.198,udp,161,NO MATCH
2025/09/02 02:44:21,10.61.9.5,10.150.252.197,udp,161,NO MATCH
2025/09/02 02:44:21,10.61.9.5,10.150.252.240,udp,161,NO MATCH
2025/09/02 02:44:20,10.61.9.5,10.150.252.194,udp,161,NO MATCH
2025/09/02 02:44:20,10.61.9.5,10.150.252.241,udp,161,NO MATCH
2025/09/02 02:44:19,10.61.9.5,10.150.252.187,udp,161,NO MATCH
2025/09/02 02:44:19,10.61.9.5,10.150.252.185,udp,161,NO MATCH
2025/09/02 02:44:19,10.61.9.5,10.150.252.191,udp,161,NO MATCH
2025/09/02 02:44:19,10.61.9.5,10.150.252.189,udp,161,NO MATCH
2025/09/02 02:44:19,10.61.9.5,10.150.252.188,udp,161,NO MATCH
2025/09/02 02:44:19,10.61.9.5,10.150.252.184,udp,161,NO MATCH
2025/09/02 02:44:19,10.61.9.5,10.150.252.193,udp,161,NO MATCH
2025/09/02 02:44:19,10.61.9.5,10.150.252.186,udp,161,NO MATCH
2025/09/02 02:44:19,10.61.9.5,10.150.252.195,udp,161,NO MATCH
2025/09/02 02:44:19,10.61.9.5,10.150.252.190,udp,161,NO MATCH
2025/09/02 02:44:18,10.61.9.5,10.150.252.192,udp,161,NO MATCH
2025/09/02 02:44:17,10.61.9.5,10.150.252.175,udp,161,NO MATCH
2025/09/02 02:44:17,10.61.9.5,10.150.252.183,udp,161,NO MATCH
2025/09/02 02:44:17,10.61.9.5,10.150.252.180,udp,161,NO MATCH
2025/09/02 02:44:17,10.61.9.5,10.150.252.177,udp,161,NO MATCH
2025/09/02 02:44:17,10.61.9.5,10.150.252.178,udp,161,NO MATCH
2025/09/02 02:44:17,10.61.9.5,10.150.252.181,udp,161,NO MATCH
2025/09/02 02:44:17,10.61.9.5,10.150.252.179,udp,161,NO MATCH
2025/09/02 02:44:17,10.61.9.5,10.150.252.182,udp,161,NO MATCH
2025/09/02 02:44:17,10.61.9.5,10.150.252.176,udp,161,NO MATCH
2025/09/02 02:44:15,10.61.9.5,10.150.252.173,udp,161,NO MATCH
2025/09/02 02:44:14,10.61.9.5,10.150.252.174,udp,161,NO MATCH
2025/09/02 02:44:14,10.61.9.5,10.150.252.164,udp,161,NO MATCH
2025/09/02 02:44:14,10.61.9.5,10.150.252.169,udp,161,NO MATCH
2025/09/02 02:44:14,10.61.9.5,10.150.252.167,udp,161,NO MATCH
2025/09/02 02:44:14,10.61.9.5,10.150.252.171,udp,161,NO MATCH
2025/09/02 02:44:14,10.61.9.5,10.150.252.166,udp,161,NO MATCH
2025/09/02 02:44:14,10.61.9.5,10.150.252.170,udp,161,NO MATCH
2025/09/02 02:44:14,10.61.9.5,10.150.252.165,udp,161,NO MATCH
2025/09/02 02:44:14,10.61.9.5,10.150.252.168,udp,161,NO MATCH
2025/09/02 02:44:14,10.61.9.5,10.150.252.172,udp,161,NO MATCH
2025/09/02 02:44:13,10.61.9.5,10.150.252.163,udp,161,NO MATCH
2025/09/02 02:44:13,10.61.9.5,10.150.252.157,udp,161,NO MATCH
2025/09/02 02:44:13,10.61.9.5,10.150.252.159,udp,161,NO MATCH
2025/09/02 02:44:13,10.61.9.5,10.150.252.161,udp,161,NO MATCH
2025/09/02 02:44:13,10.61.9.5,10.150.252.158,udp,161,NO MATCH
2025/09/02 02:44:13,10.61.9.5,10.150.252.162,udp,161,NO MATCH
2025/09/02 02:44:13,10.61.9.5,10.150.252.160,udp,161,NO MATCH
2025/09/02 02:44:13,10.61.9.5,10.150.252.147,udp,161,NO MATCH
2025/09/02 02:44:12,10.61.9.5,10.150.252.149,udp,161,NO MATCH
2025/09/02 02:44:12,10.61.9.5,10.150.252.155,udp,161,NO MATCH
2025/09/02 02:44:12,10.61.9.5,10.150.252.154,udp,161,NO MATCH
2025/09/02 02:44:12,10.61.9.5,10.150.252.156,udp,161,NO MATCH
2025/09/02 02:44:12,10.61.9.5,10.150.252.150,udp,161,NO MATCH
2025/09/02 02:44:12,10.61.9.5,10.150.252.148,udp,161,NO MATCH
2025/09/02 02:44:12,10.61.9.5,10.150.252.152,udp,161,NO MATCH
2025/09/02 02:44:12,10.61.9.5,10.150.252.151,udp,161,NO MATCH
2025/09/02 02:44:12,10.61.9.5,10.150.252.153,udp,161,NO MATCH
2025/09/02 02:44:11,10.61.9.5,10.150.252.144,udp,161,NO MATCH
2025/09/02 02:44:11,10.61.9.5,10.150.252.143,udp,161,NO MATCH
2025/09/02 02:44:11,10.61.9.5,10.150.252.138,udp,161,NO MATCH
2025/09/02 02:44:11,10.61.9.5,10.150.252.146,udp,161,NO MATCH
2025/09/02 02:44:11,10.61.9.5,10.150.252.137,udp,161,NO MATCH
2025/09/02 02:44:11,10.61.9.5,10.150.252.141,udp,161,NO MATCH
2025/09/02 02:44:11,10.61.9.5,10.150.252.140,udp,161,NO MATCH
2025/09/02 02:44:11,10.61.9.5,10.150.252.139,udp,161,NO MATCH
2025/09/02 02:44:11,10.61.9.5,10.150.252.142,udp,161,NO MATCH
2025/09/02 02:44:11,10.61.9.5,10.150.252.145,udp,161,NO MATCH
2025/09/02 02:44:10,10.61.9.5,10.150.252.129,udp,161,NO MATCH
2025/09/02 02:44:10,10.61.9.5,10.150.252.134,udp,161,NO MATCH
2025/09/02 02:44:10,10.61.9.5,10.150.252.136,udp,161,NO MATCH
2025/09/02 02:44:10,10.61.9.5,10.150.252.132,udp,161,NO MATCH
2025/09/02 02:44:10,10.61.9.5,10.150.252.130,udp,161,NO MATCH
2025/09/02 02:44:10,10.61.9.5,10.150.252.135,udp,161,NO MATCH
2025/09/02 02:44:10,10.61.9.5,10.150.252.131,udp,161,NO MATCH
2025/09/02 02:44:09,10.61.9.5,10.150.252.121,udp,161,NO MATCH
2025/09/02 02:44:09,10.61.9.5,10.150.252.133,udp,161,NO MATCH
2025/09/02 02:44:09,10.61.9.5,10.150.252.125,udp,161,NO MATCH
2025/09/02 02:44:09,10.61.9.5,10.150.252.126,udp,161,NO MATCH
2025/09/02 02:44:09,10.61.9.5,10.150.252.122,udp,161,NO MATCH
2025/09/02 02:44:09,10.61.9.5,10.150.252.124,udp,161,NO MATCH
2025/09/02 02:44:09,10.61.9.5,10.150.252.127,udp,161,NO MATCH
2025/09/02 02:44:09,10.61.9.5,10.150.252.128,udp,161,NO MATCH
2025/09/02 02:44:09,10.61.9.5,10.150.252.123,udp,161,NO MATCH
2025/09/02 02:44:07,10.61.9.5,10.150.252.120,udp,161,NO MATCH
2025/09/02 02:44:05,10.61.9.5,10.150.252.119,udp,161,NO MATCH
2025/09/02 02:44:04,10.61.9.5,10.150.252.109,udp,161,NO MATCH
2025/09/02 02:44:04,10.61.9.5,10.150.252.117,udp,161,NO MATCH
2025/09/02 02:44:04,10.61.9.5,10.150.252.114,udp,161,NO MATCH
2025/09/02 02:44:04,10.61.9.5,10.150.252.116,udp,161,NO MATCH
2025/09/02 02:44:04,10.61.9.5,10.150.252.113,udp,161,NO MATCH
2025/09/02 02:44:04,10.61.9.5,10.150.252.112,udp,161,NO MATCH
2025/09/02 02:44:04,10.61.9.5,10.150.252.110,udp,161,NO MATCH
2025/09/02 02:44:04,10.61.9.5,10.150.252.115,udp,161,NO MATCH
2025/09/02 02:44:04,10.61.9.5,10.150.252.118,udp,161,NO MATCH
2025/09/02 02:44:04,10.61.9.5,10.150.252.111,udp,161,NO MATCH
2025/09/02 02:44:02,10.61.9.5,10.150.252.108,udp,161,NO MATCH
2025/09/02 02:44:02,10.61.9.5,10.150.252.107,udp,161,NO MATCH
2025/09/02 02:44:01,10.61.9.5,10.150.252.106,udp,161,NO MATCH
2025/09/02 02:44:00,10.61.9.5,10.150.252.105,udp,161,NO MATCH
2025/09/02 02:43:59,10.61.9.5,10.150.252.104,udp,161,NO MATCH
2025/09/02 02:43:58,10.61.9.5,10.150.252.103,udp,161,NO MATCH
2025/09/02 02:43:55,10.61.9.5,10.150.252.102,udp,161,NO MATCH
2025/09/02 02:43:55,10.61.9.5,10.150.252.101,udp,161,NO MATCH
2025/09/02 02:43:54,10.61.9.5,10.150.252.97,udp,161,NO MATCH
2025/09/02 02:43:54,10.61.9.5,10.150.252.99,udp,161,NO MATCH
2025/09/02 02:43:54,10.61.9.5,10.150.252.91,udp,161,NO MATCH
2025/09/02 02:43:54,10.61.9.5,10.150.252.93,udp,161,NO MATCH
2025/09/02 02:43:54,10.61.9.5,10.150.252.98,udp,161,NO MATCH
2025/09/02 02:43:54,10.61.9.5,10.150.252.96,udp,161,NO MATCH
2025/09/02 02:43:54,10.61.9.5,10.150.252.95,udp,161,NO MATCH
2025/09/02 02:43:54,10.61.9.5,10.150.252.100,udp,161,NO MATCH
2025/09/02 02:43:54,10.61.9.5,10.150.252.92,udp,161,NO MATCH
2025/09/02 02:43:54,10.61.9.5,10.150.252.94,udp,161,NO MATCH
2025/09/02 02:43:53,10.61.9.5,10.150.252.90,udp,161,NO MATCH
2025/09/02 02:43:51,10.61.9.5,10.150.252.89,udp,161,NO MATCH
2025/09/02 02:43:51,10.61.9.5,10.150.252.88,udp,161,NO MATCH
2025/09/02 02:43:48,10.61.9.5,10.150.252.87,udp,161,NO MATCH
2025/09/02 02:43:47,10.61.9.5,10.150.252.86,udp,161,NO MATCH
2025/09/02 02:43:47,10.61.9.5,10.150.252.85,udp,161,NO MATCH
2025/09/02 02:43:46,10.61.9.5,10.150.252.84,udp,161,NO MATCH
2025/09/02 02:43:46,10.61.9.5,10.150.252.83,udp,161,NO MATCH
2025/09/02 02:43:45,10.61.9.5,10.150.252.81,udp,161,NO MATCH
2025/09/02 02:43:45,10.61.9.5,10.150.252.76,udp,161,NO MATCH
2025/09/02 02:43:45,10.61.9.5,10.150.252.82,udp,161,NO MATCH
2025/09/02 02:43:45,10.61.9.5,10.150.252.77,udp,161,NO MATCH
2025/09/02 02:43:45,10.61.9.5,10.150.252.74,udp,161,NO MATCH
2025/09/02 02:43:45,10.61.9.5,10.150.252.73,udp,161,NO MATCH
2025/09/02 02:43:45,10.61.9.5,10.150.252.80,udp,161,NO MATCH
2025/09/02 02:43:45,10.61.9.5,10.150.252.79,udp,161,NO MATCH
2025/09/02 02:43:45,10.61.9.5,10.150.252.75,udp,161,NO MATCH
2025/09/02 02:43:45,10.61.9.5,10.150.252.78,udp,161,NO MATCH
2025/09/02 02:43:44,10.61.9.5,10.150.252.71,udp,161,NO MATCH
2025/09/02 02:43:44,10.61.9.5,10.150.252.69,udp,161,NO MATCH
2025/09/02 02:43:44,10.61.9.5,10.150.252.68,udp,161,NO MATCH
2025/09/02 02:43:44,10.61.9.5,10.150.252.72,udp,161,NO MATCH
2025/09/02 02:43:44,10.61.9.5,10.150.252.65,udp,161,NO MATCH
2025/09/02 02:43:44,10.61.9.5,10.150.252.70,udp,161,NO MATCH
2025/09/02 02:43:44,10.61.9.5,10.150.252.64,udp,161,NO MATCH
2025/09/02 02:43:44,10.61.9.5,10.150.252.67,udp,161,NO MATCH
2025/09/02 02:43:44,10.61.9.5,10.150.252.66,udp,161,NO MATCH
2025/09/02 02:43:42,10.61.9.5,10.150.252.55,udp,161,NO MATCH
2025/09/02 02:43:41,10.61.9.5,10.150.252.63,udp,161,NO MATCH
2025/09/02 02:43:41,10.61.9.5,10.150.252.53,udp,161,NO MATCH
2025/09/02 02:43:41,10.61.9.5,10.150.252.54,udp,161,NO MATCH
2025/09/02 02:43:41,10.61.9.5,10.150.252.60,udp,161,NO MATCH
2025/09/02 02:43:41,10.61.9.5,10.150.252.59,udp,161,NO MATCH
2025/09/02 02:43:41,10.61.9.5,10.150.252.56,udp,161,NO MATCH
2025/09/02 02:43:41,10.61.9.5,10.150.252.62,udp,161,NO MATCH
2025/09/02 02:43:41,10.61.9.5,10.150.252.61,udp,161,NO MATCH
2025/09/02 02:43:41,10.61.9.5,10.150.252.58,udp,161,NO MATCH
2025/09/02 02:43:41,10.61.9.5,10.150.252.57,udp,161,NO MATCH
2025/09/02 02:43:40,10.61.9.5,10.150.252.50,udp,161,NO MATCH
2025/09/02 02:43:40,10.61.9.5,10.150.252.52,udp,161,NO MATCH
2025/09/02 02:43:40,10.61.9.5,10.150.252.51,udp,161,NO MATCH
2025/09/02 02:43:40,10.61.9.5,10.150.252.46,udp,161,NO MATCH
2025/09/02 02:43:40,10.61.9.5,10.150.252.45,udp,161,NO MATCH
2025/09/02 02:43:40,10.61.9.5,10.150.252.47,udp,161,NO MATCH
2025/09/02 02:43:40,10.61.9.5,10.150.252.48,udp,161,NO MATCH
2025/09/02 02:43:39,10.61.9.5,10.150.252.39,udp,161,NO MATCH
2025/09/02 02:43:39,10.61.9.5,10.150.252.40,udp,161,NO MATCH
2025/09/02 02:43:39,10.61.9.5,10.150.252.36,udp,161,NO MATCH
2025/09/02 02:43:39,10.61.9.5,10.150.252.42,udp,161,NO MATCH
2025/09/02 02:43:39,10.61.9.5,10.150.252.38,udp,161,NO MATCH
2025/09/02 02:43:39,10.61.9.5,10.150.252.44,udp,161,NO MATCH
2025/09/02 02:43:39,10.61.9.5,10.150.252.49,udp,161,NO MATCH
2025/09/02 02:43:39,10.61.9.5,10.150.252.41,udp,161,NO MATCH
2025/09/02 02:43:39,10.61.9.5,10.150.252.35,udp,161,NO MATCH
2025/09/02 02:43:39,10.61.9.5,10.150.252.37,udp,161,NO MATCH
2025/09/02 02:43:38,10.61.9.5,10.150.252.43,udp,161,NO MATCH
2025/09/02 02:43:37,10.61.9.5,10.150.252.30,udp,161,NO MATCH
2025/09/02 02:43:37,10.61.9.5,10.150.252.29,udp,161,NO MATCH
2025/09/02 02:43:37,10.61.9.5,10.150.252.34,udp,161,NO MATCH
2025/09/02 02:43:37,10.61.9.5,10.150.252.31,udp,161,NO MATCH
2025/09/02 02:43:37,10.61.9.5,10.150.252.27,udp,161,NO MATCH
2025/09/02 02:43:37,10.61.9.5,10.150.252.28,udp,161,NO MATCH
2025/09/02 02:43:37,10.61.9.5,10.150.252.33,udp,161,NO MATCH
2025/09/02 02:43:37,10.61.9.5,10.150.252.26,udp,161,NO MATCH
2025/09/02 02:43:37,10.61.9.5,10.150.252.32,udp,161,NO MATCH
2025/09/02 02:43:36,10.61.9.5,10.150.252.20,udp,161,NO MATCH
2025/09/02 02:43:36,10.61.9.5,10.150.252.23,udp,161,NO MATCH
2025/09/02 02:43:36,10.61.9.5,10.150.252.21,udp,161,NO MATCH
2025/09/02 02:43:36,10.61.9.5,10.150.252.25,udp,161,NO MATCH
2025/09/02 02:43:36,10.61.9.5,10.150.252.18,udp,161,NO MATCH
2025/09/02 02:43:36,10.61.9.5,10.150.252.24,udp,161,NO MATCH
2025/09/02 02:43:36,10.61.9.5,10.150.252.22,udp,161,NO MATCH
2025/09/02 02:43:36,10.61.9.5,10.150.252.19,udp,161,NO MATCH
2025/09/02 02:43:35,10.61.9.5,10.150.252.15,udp,161,NO MATCH
2025/09/02 02:43:35,10.61.9.5,10.150.252.16,udp,161,NO MATCH
2025/09/02 02:43:35,10.61.9.5,10.150.252.10,udp,161,NO MATCH
2025/09/02 02:43:35,10.61.9.5,10.150.252.13,udp,161,NO MATCH
2025/09/02 02:43:35,10.61.9.5,10.150.252.14,udp,161,NO MATCH
2025/09/02 02:43:35,10.61.9.5,10.150.252.17,udp,161,NO MATCH
2025/09/02 02:43:35,10.61.9.5,10.150.252.12,udp,161,NO MATCH
2025/09/02 02:43:35,10.61.9.5,10.150.252.11,udp,161,NO MATCH
2025/09/02 02:43:34,10.61.9.5,10.150.252.9,udp,161,NO MATCH
2025/09/02 02:43:32,10.61.9.5,10.150.252.8,udp,161,NO MATCH
2025/09/02 02:43:31,10.61.9.5,10.150.252.6,udp,161,NO MATCH
2025/09/02 02:43:31,10.61.9.5,10.150.252.4,udp,161,NO MATCH
2025/09/02 02:43:31,10.61.9.5,10.150.252.7,udp,161,NO MATCH
2025/09/02 02:43:31,10.61.9.5,10.150.252.2,udp,161,NO MATCH
2025/09/02 02:43:31,10.61.9.5,10.150.252.1,udp,161,NO MATCH
2025/09/02 02:43:31,10.61.9.5,10.150.252.3,udp,161,NO MATCH
2025/09/02 02:43:31,10.61.9.5,10.150.252.5,udp,161,NO MATCH
2025/09/02 02:19:56,10.61.9.5,10.160.48.136,tcp,80,NO MATCH
2025/09/02 02:19:13,10.61.9.5,10.160.48.136,udp,161,NO MATCH
2025/09/02 02:18:44,10.61.9.5,10.138.205.90,udp,161,NO MATCH
2025/09/02 02:18:36,10.61.9.5,10.160.40.40,tcp,80,NO MATCH
2025/09/02 02:17:30,10.61.9.5,10.160.40.40,udp,161,NO MATCH
2025/09/02 02:17:28,10.61.9.5,10.160.32.111,tcp,80,NO MATCH
2025/09/02 02:16:18,10.61.9.5,10.160.26.45,tcp,443,NO MATCH
2025/09/02 02:16:16,10.61.9.5,10.160.32.111,udp,161,NO MATCH
2025/09/02 02:16:15,10.61.9.5,10.160.32.147,tcp,80,NO MATCH
2025/09/02 02:16:10,10.61.9.5,10.160.26.45,tcp,80,NO MATCH
2025/09/02 02:16:07,10.61.9.5,10.160.32.146,tcp,80,NO MATCH
2025/09/02 02:16:05,10.61.9.5,10.160.32.132,tcp,80,NO MATCH
2025/09/02 02:16:05,10.61.9.5,10.160.40.32,udp,161,NO MATCH
2025/09/02 02:15:49,10.61.9.5,10.150.254.240,tcp,80,NO MATCH
2025/09/02 02:15:47,10.61.9.5,10.160.40.38,tcp,80,NO MATCH
2025/09/02 02:15:47,10.61.9.5,10.160.40.37,tcp,80,NO MATCH
2025/09/02 02:15:46,10.61.9.5,10.160.36.23,udp,161,NO MATCH
2025/09/02 02:15:43,10.61.9.5,10.160.26.43,udp,161,NO MATCH
2025/09/02 02:15:35,10.61.9.5,10.150.253.242,tcp,80,NO MATCH
2025/09/02 02:15:29,10.61.9.5,10.138.205.228,udp,161,NO MATCH
2025/09/02 02:15:25,10.61.9.5,10.160.40.31,udp,161,NO MATCH
2025/09/02 02:15:18,10.61.9.5,10.160.48.51,tcp,80,NO MATCH
2025/09/02 02:15:18,10.61.9.5,10.150.252.241,tcp,443,NO MATCH
2025/09/02 02:15:11,10.61.9.5,10.150.252.241,tcp,80,NO MATCH
2025/09/02 02:15:09,10.61.9.5,10.138.205.228,tcp,80,NO MATCH
2025/09/02 02:15:02,10.61.9.5,10.160.32.147,udp,161,NO MATCH
2025/09/02 02:14:59,10.61.9.5,10.160.26.45,udp,161,NO MATCH
2025/09/02 02:14:57,10.61.9.5,10.160.32.132,udp,161,NO MATCH
2025/09/02 02:14:56,10.61.9.5,10.160.32.146,udp,161,NO MATCH
2025/09/02 02:14:51,10.61.9.5,10.160.40.22,udp,161,NO MATCH
2025/09/02 02:14:47,10.61.9.5,10.160.40.21,udp,161,NO MATCH
2025/09/02 02:14:46,10.61.9.5,10.138.205.229,udp,161,NO MATCH
2025/09/02 02:14:41,10.61.9.5,10.150.254.240,udp,161,NO MATCH
2025/09/02 02:14:38,10.61.9.5,10.138.205.250,tcp,80,NO MATCH
2025/09/02 02:14:37,10.61.9.5,10.160.40.38,udp,161,NO MATCH
2025/09/02 02:14:36,10.61.9.5,10.160.40.37,udp,161,NO MATCH
2025/09/02 02:14:26,10.61.9.5,10.150.253.242,udp,161,NO MATCH
2025/09/02 02:14:24,10.61.9.5,10.138.205.229,tcp,80,NO MATCH
2025/09/02 02:14:13,10.61.9.5,10.138.205.134,udp,161,NO MATCH
2025/09/02 02:14:03,10.61.9.5,10.160.26.44,udp,161,NO MATCH
2025/09/02 02:14:00,10.61.9.5,10.160.48.51,udp,161,NO MATCH
2025/09/02 02:13:58,10.61.9.5,10.150.252.241,udp,161,NO MATCH
2025/09/02 02:13:36,10.61.9.5,10.160.32.149,udp,161,NO MATCH
2025/09/02 02:13:29,10.61.9.5,10.138.205.250,udp,161,NO MATCH
2025/09/02 02:13:27,10.61.9.5,10.160.40.24,udp,161,NO MATCH
2025/09/02 02:13:05,10.61.9.5,10.160.32.148,udp,161,NO MATCH
2025/09/02 02:13:05,10.61.9.5,10.160.40.27,udp,161,NO MATCH
2025/09/02 02:12:48,10.61.9.5,10.160.40.28,udp,161,NO MATCH
2025/09/02 02:12:43,10.61.9.5,10.160.48.37,udp,161,NO MATCH
2025/09/02 02:12:26,10.61.9.5,10.138.205.222,udp,161,NO MATCH
2025/09/02 02:12:26,10.61.9.5,10.138.205.231,udp,161,NO MATCH
2025/09/02 02:12:24,10.61.9.5,10.160.48.38,udp,161,NO MATCH
2025/09/02 02:12:22,10.61.9.5,10.160.32.150,udp,161,NO MATCH
2025/09/02 02:12:05,10.61.9.5,10.138.205.48,udp,161,NO MATCH
2025/09/02 02:12:01,10.61.9.5,10.138.205.231,tcp,443,NO MATCH
2025/09/02 02:12:01,10.61.9.5,10.138.205.231,tcp,443,NO MATCH
2025/09/02 02:12:01,10.61.9.5,10.138.205.231,tcp,443,NO MATCH
2025/09/02 02:12:00,10.61.9.5,10.138.205.231,tcp,443,NO MATCH
2025/09/02 02:12:00,10.61.9.5,10.160.40.39,tcp,80,NO MATCH
2025/09/02 02:11:55,10.61.9.5,10.160.40.34,udp,161,NO MATCH
2025/09/02 02:11:45,10.61.9.5,10.160.40.33,udp,161,NO MATCH
2025/09/02 02:11:19,10.61.9.5,10.160.40.23,udp,161,NO MATCH
2025/09/02 02:11:19,10.61.9.5,10.160.26.27,udp,161,NO MATCH
2025/09/02 02:11:06,10.61.9.5,10.160.26.35,udp,161,NO MATCH
2025/09/02 02:10:54,10.61.9.5,10.160.40.36,tcp,80,NO MATCH
2025/09/02 02:10:49,10.61.9.5,10.160.40.30,udp,161,NO MATCH
2025/09/02 02:10:48,10.61.9.5,10.160.40.39,udp,161,NO MATCH
2025/09/02 02:10:27,10.61.9.5,10.138.205.102,udp,161,NO MATCH
2025/09/02 02:10:21,10.61.9.5,10.160.40.26,udp,161,NO MATCH
2025/09/02 02:09:40,10.61.9.5,10.160.40.36,udp,161,NO MATCH
2025/09/02 02:09:19,10.61.9.5,10.160.36.24,udp,161,NO MATCH
2025/09/02 02:09:14,10.61.9.5,10.160.26.26,udp,161,NO MATCH
2025/09/02 02:08:23,10.61.9.5,10.160.26.36,udp,161,NO MATCH
2025/09/02 02:07:49,10.61.9.5,10.160.40.29,udp,161,NO MATCH
2025/09/02 02:07:42,10.61.9.5,10.160.26.25,udp,161,NO MATCH
2025/09/02 02:07:16,10.61.9.5,10.160.36.6,udp,161,NO MATCH
2025/09/02 02:07:09,10.61.9.5,10.160.40.25,udp,161,NO MATCH
2025/09/02 02:06:57,10.61.9.5,10.160.48.36,udp,161,NO MATCH
2025/09/02 02:06:57,10.61.9.5,10.160.26.28,udp,161,NO MATCH
2025/09/02 02:06:47,10.61.9.5,10.160.48.35,udp,161,NO MATCH
2025/09/02 01:39:56,10.61.10.16,10.160.36.46,udp,137,NO MATCH
2025/09/02 01:19:05,10.61.9.5,10.160.48.136,tcp,80,NO MATCH
2025/09/02 01:18:07,10.61.9.5,10.160.40.40,tcp,80,NO MATCH
2025/09/02 01:17:56,10.61.9.5,10.160.48.136,udp,161,NO MATCH
2025/09/02 01:17:49,10.61.9.5,10.138.205.90,udp,161,NO MATCH
2025/09/02 01:16:57,10.61.9.5,10.160.40.40,udp,161,NO MATCH
2025/09/02 01:16:49,10.61.9.5,10.160.32.111,tcp,80,NO MATCH
2025/09/02 01:16:01,10.61.9.5,10.160.26.45,tcp,443,NO MATCH
2025/09/02 01:15:55,10.61.9.5,10.160.26.45,tcp,80,NO MATCH
2025/09/02 01:15:50,10.61.9.5,10.160.32.132,tcp,80,NO MATCH
2025/09/02 01:15:46,10.61.9.5,10.160.40.32,udp,161,NO MATCH
2025/09/02 01:15:39,10.61.9.5,10.160.26.43,udp,161,NO MATCH
2025/09/02 01:15:36,10.61.9.5,10.160.36.23,udp,161,NO MATCH
2025/09/02 01:15:34,10.61.9.5,10.150.254.240,tcp,80,NO MATCH
2025/09/02 01:15:33,10.61.9.5,10.160.32.111,udp,161,NO MATCH
2025/09/02 01:15:31,10.61.9.5,10.160.32.147,tcp,80,NO MATCH
2025/09/02 01:15:25,10.61.9.5,10.160.40.37,tcp,80,NO MATCH
2025/09/02 01:15:20,10.61.9.5,10.138.205.228,udp,161,NO MATCH
2025/09/02 01:15:17,10.61.9.5,10.160.40.31,udp,161,NO MATCH
2025/09/02 01:15:15,10.61.9.5,10.160.40.38,tcp,80,NO MATCH
2025/09/02 01:15:10,10.61.9.5,10.160.32.146,tcp,80,NO MATCH
2025/09/02 01:15:10,10.61.9.5,10.150.253.242,tcp,80,NO MATCH
2025/09/02 01:15:01,10.61.9.5,10.150.252.241,tcp,443,NO MATCH
2025/09/02 01:15:00,10.61.9.5,10.138.205.228,tcp,80,NO MATCH
2025/09/02 01:14:56,10.61.9.5,10.150.252.241,tcp,80,NO MATCH
2025/09/02 01:14:44,10.61.9.5,10.160.48.51,tcp,80,NO MATCH
2025/09/02 01:14:41,10.61.9.5,10.160.26.45,udp,161,NO MATCH
2025/09/02 01:14:39,10.61.9.5,10.160.40.22,udp,161,NO MATCH
2025/09/02 01:14:37,10.61.9.5,10.160.32.132,udp,161,NO MATCH
2025/09/02 01:14:35,10.61.9.5,10.160.40.21,udp,161,NO MATCH
2025/09/02 01:14:35,10.61.9.5,10.138.205.229,udp,161,NO MATCH
2025/09/02 01:14:20,10.61.9.5,10.150.254.240,udp,161,NO MATCH
2025/09/02 01:14:15,10.61.9.5,10.160.32.147,udp,161,NO MATCH
2025/09/02 01:14:14,10.61.9.5,10.138.205.229,tcp,80,NO MATCH
2025/09/02 01:14:13,10.61.9.5,10.160.40.37,udp,161,NO MATCH
2025/09/02 01:14:09,10.61.9.5,10.138.205.134,udp,161,NO MATCH
2025/09/02 01:14:07,10.61.9.5,10.160.40.38,udp,161,NO MATCH
2025/09/02 01:14:03,10.61.9.5,10.150.253.242,udp,161,NO MATCH
2025/09/02 01:14:03,10.61.9.5,10.160.32.146,udp,161,NO MATCH
2025/09/02 01:13:51,10.61.9.5,10.138.205.250,tcp,80,NO MATCH
2025/09/02 01:13:41,10.61.9.5,10.150.252.241,udp,161,NO MATCH
2025/09/02 01:13:32,10.61.9.5,10.160.26.44,udp,161,NO MATCH
2025/09/02 01:13:26,10.61.9.5,10.160.48.51,udp,161,NO MATCH
2025/09/02 01:13:18,10.61.9.5,10.160.40.24,udp,161,NO MATCH
2025/09/02 01:12:59,10.61.9.5,10.160.32.149,udp,161,NO MATCH
2025/09/02 01:12:57,10.61.9.5,10.160.40.27,udp,161,NO MATCH
2025/09/02 01:12:40,10.61.9.5,10.160.40.28,udp,161,NO MATCH
2025/09/02 01:12:39,10.61.9.5,10.138.205.250,udp,161,NO MATCH
2025/09/02 01:12:39,10.61.9.5,10.160.48.37,udp,161,NO MATCH
2025/09/02 01:12:29,10.61.9.5,10.160.32.148,udp,161,NO MATCH
2025/09/02 01:12:19,10.61.9.5,10.160.48.38,udp,161,NO MATCH
2025/09/02 01:12:01,10.61.9.5,10.138.205.231,udp,161,NO MATCH
2025/09/02 01:11:52,10.61.9.5,10.138.205.48,udp,161,NO MATCH
2025/09/02 01:11:50,10.61.9.5,10.138.205.222,udp,161,NO MATCH
2025/09/02 01:11:48,10.61.9.5,10.160.32.150,udp,161,NO MATCH
2025/09/02 01:11:46,10.61.9.5,10.160.40.34,udp,161,NO MATCH
2025/09/02 01:11:36,10.61.9.5,10.160.40.33,udp,161,NO MATCH
2025/09/02 01:11:30,10.61.9.5,10.160.40.39,tcp,80,NO MATCH
2025/09/02 01:11:25,10.61.9.5,10.138.205.231,tcp,443,NO MATCH
2025/09/02 01:11:25,10.61.9.5,10.138.205.231,tcp,443,NO MATCH
2025/09/02 01:11:25,10.61.9.5,10.138.205.231,tcp,443,NO MATCH
2025/09/02 01:11:24,10.61.9.5,10.138.205.231,tcp,443,NO MATCH
2025/09/02 01:11:14,10.61.9.5,10.160.26.27,udp,161,NO MATCH
2025/09/02 01:11:10,10.61.9.5,10.160.40.23,udp,161,NO MATCH
2025/09/02 01:10:41,10.61.9.5,10.160.40.30,udp,161,NO MATCH
2025/09/02 01:10:35,10.61.9.5,10.160.26.35,udp,161,NO MATCH
2025/09/02 01:10:30,10.61.9.5,10.160.40.36,tcp,80,NO MATCH
2025/09/02 01:10:23,10.61.9.5,10.138.205.102,udp,161,NO MATCH
2025/09/02 01:10:20,10.61.9.5,10.160.40.39,udp,161,NO MATCH
2025/09/02 01:10:10,10.61.9.5,10.160.40.26,udp,161,NO MATCH
2025/09/02 01:09:16,10.61.9.5,10.160.40.36,udp,161,NO MATCH
2025/09/02 01:09:10,10.61.9.5,10.160.36.24,udp,161,NO MATCH
2025/09/02 01:09:10,10.61.9.5,10.160.26.26,udp,161,NO MATCH
2025/09/02 01:08:04,10.61.9.5,10.160.26.36,udp,161,NO MATCH
2025/09/02 01:07:38,10.61.9.5,10.160.40.29,udp,161,NO MATCH
2025/09/02 01:07:37,10.61.9.5,10.160.26.25,udp,161,NO MATCH
2025/09/02 01:06:59,10.61.9.5,10.160.40.25,udp,161,NO MATCH
2025/09/02 01:06:56,10.61.9.5,10.160.36.6,udp,161,NO MATCH
2025/09/02 01:06:53,10.61.9.5,10.160.48.36,udp,161,NO MATCH
2025/09/02 01:06:53,10.61.9.5,10.160.26.28,udp,161,NO MATCH
2025/09/02 01:06:43,10.61.9.5,10.160.48.35,udp,161,NO MATCH
